feature_id	comparison	metadata	value	beta	standard_error	p_value	q_value	n_samples	method	feature_label	feature	coef	stderr	N	N.not.0	pval	qval	original_feature_id	direction
Eubacterium	CD_vs_UC	model_group	CD	-0.0462570157279938	0.0174774260724297	0.00990096472655436	0.404925316295567	79	MaasLin2_LM_CLR	Eubacterium	Eubacterium	-0.0462570157279938	0.0174774260724297	79	40	0.00990096472655436	0.404925316295567	k__Bacteria|p__Firmicutes|c__Clostridia|o__Clostridiales|f__Eubacteriaceae|g__Eubacterium	lower_in_case_group
Roseburia	CD_vs_UC	model_group	CD	-0.0290671425669437	0.0110562119311194	0.010382700417835	0.404925316295567	79	MaasLin2_LM_CLR	Roseburia	Roseburia	-0.0290671425669437	0.0110562119311194	79	20	0.010382700417835	0.404925316295567	k__Bacteria|p__Firmicutes|c__Clostridia|o__Clostridiales|f__Lachnospiraceae|g__Roseburia	lower_in_case_group
Ruminococcus	CD_vs_UC	model_group	CD	-0.00357712968692209	0.00152637317976775	0.0217531498487183	0.484125973187534	79	MaasLin2_LM_CLR	Ruminococcus	Ruminococcus	-0.00357712968692209	0.00152637317976775	79	5	0.0217531498487183	0.484125973187534	k__Bacteria|p__Firmicutes|c__Clostridia|o__Clostridiales|f__Ruminococcaceae|g__Ruminococcus	lower_in_case_group
Collinsella	CD_vs_UC	model_group	CD	-0.00148183049310149	7.037490464416e-4	0.0385845785580814	0.56429946141194	79	MaasLin2_LM_CLR	Collinsella	Collinsella	-0.00148183049310149	7.037490464416e-4	79	0	0.0385845785580814	0.56429946141194	k__Bacteria|p__Actinobacteria|c__Actinobacteria|o__Coriobacteriales|f__Coriobacteriaceae|g__Collinsella	lower_in_case_group
Dorea	CD_vs_UC	model_group	CD	-0.00276148634272555	0.00144706139456825	0.0601742303685916	0.640034995738657	79	MaasLin2_LM_CLR	Dorea	Dorea	-0.00276148634272555	0.00144706139456825	79	1	0.0601742303685916	0.640034995738657	k__Bacteria|p__Firmicutes|c__Clostridia|o__Clostridiales|f__Lachnospiraceae|g__Dorea	lower_in_case_group
Clostridium	CD_vs_UC	model_group	CD	0.0118781304864783	0.00662031258995464	0.0768120941938277	0.717792101678811	79	MaasLin2_LM_CLR	Clostridium	Clostridium	0.0118781304864783	0.00662031258995464	79	14	0.0768120941938277	0.717792101678811	k__Bacteria|p__Firmicutes|c__Clostridia|o__Clostridiales|f__Clostridiaceae|g__Clostridium	higher_in_case_group
Faecalibacterium	CD_vs_UC	model_group	CD	-0.037346719580817	0.021026116523494	0.0797546779643123	0.717792101678811	79	MaasLin2_LM_CLR	Faecalibacterium	Faecalibacterium	-0.037346719580817	0.021026116523494	79	61	0.0797546779643123	0.717792101678811	k__Bacteria|p__Firmicutes|c__Clostridia|o__Clostridiales|f__Ruminococcaceae|g__Faecalibacterium	lower_in_case_group
Coprococcus	CD_vs_UC	model_group	CD	-0.00335004626096642	0.00199750921818709	0.0976840082155838	0.735725175417784	79	MaasLin2_LM_CLR	Coprococcus	Coprococcus	-0.00335004626096642	0.00199750921818709	79	4	0.0976840082155838	0.735725175417784	k__Bacteria|p__Firmicutes|c__Clostridia|o__Clostridiales|f__Lachnospiraceae|g__Coprococcus	lower_in_case_group
Odoribacter	CD_vs_UC	model_group	CD	0.00458844989895571	0.00276032194901869	0.100629318344201	0.735725175417784	79	MaasLin2_LM_CLR	Odoribacter	Odoribacter	0.00458844989895571	0.00276032194901869	79	7	0.100629318344201	0.735725175417784	k__Bacteria|p__Bacteroidetes|c__Bacteroidia|o__Bacteroidales|f__Porphyromonadaceae|g__Odoribacter	higher_in_case_group
Alistipes	CD_vs_UC	model_group	CD	0.0214812000881048	0.0130399620738025	0.10367278981984	0.735725175417784	79	MaasLin2_LM_CLR	Alistipes	Alistipes	0.0214812000881048	0.0130399620738025	79	43	0.10367278981984	0.735725175417784	k__Bacteria|p__Bacteroidetes|c__Bacteroidia|o__Bacteroidales|f__Rikenellaceae|g__Alistipes	higher_in_case_group
Acidaminococcus	CD_vs_UC	model_group	CD	0.0129366034215305	0.00984350238534623	0.192774885491669	0.796451046869448	79	MaasLin2_LM_CLR	Acidaminococcus	Acidaminococcus	0.0129366034215305	0.00984350238534623	79	6	0.192774885491669	0.796451046869448	k__Bacteria|p__Firmicutes|c__Negativicutes|o__Selenomonadales|f__Acidaminococcaceae|g__Acidaminococcus	higher_in_case_group
Desulfovibrio	CD_vs_UC	model_group	CD	4.0853803516294e-4	3.3597951209666e-4	0.227813102559137	0.796451046869448	79	MaasLin2_LM_CLR	Desulfovibrio	Desulfovibrio	4.0853803516294e-4	3.3597951209666e-4	79	0	0.227813102559137	0.796451046869448	k__Bacteria|p__Proteobacteria|c__Deltaproteobacteria|o__Desulfovibrionales|f__Desulfovibrionaceae|g__Desulfovibrio	higher_in_case_group
Dialister	CD_vs_UC	model_group	CD	0.00423461370562985	0.00355319694079201	0.237106761954999	0.796451046869448	79	MaasLin2_LM_CLR	Dialister	Dialister	0.00423461370562985	0.00355319694079201	79	11	0.237106761954999	0.796451046869448	k__Bacteria|p__Firmicutes|c__Negativicutes|o__Selenomonadales|f__Veillonellaceae|g__Dialister	higher_in_case_group
Veillonella	CD_vs_UC	model_group	CD	0.0143300219027928	0.0120674639112498	0.238780773375786	0.796451046869448	79	MaasLin2_LM_CLR	Veillonella	Veillonella	0.0143300219027928	0.0120674639112498	79	7	0.238780773375786	0.796451046869448	k__Bacteria|p__Firmicutes|c__Negativicutes|o__Selenomonadales|f__Veillonellaceae|g__Veillonella	higher_in_case_group
Coprobacillus	CD_vs_UC	model_group	CD	-0.00302065062141199	0.00263985330711194	0.256158997103895	0.796451046869448	79	MaasLin2_LM_CLR	Coprobacillus	Coprobacillus	-0.00302065062141199	0.00263985330711194	79	1	0.256158997103895	0.796451046869448	k__Bacteria|p__Firmicutes|c__Erysipelotrichia|o__Erysipelotrichales|f__Erysipelotrichaceae|g__Coprobacillus	lower_in_case_group
Klebsiella	CD_vs_UC	model_group	CD	7.8869394491037e-4	7.2091251080009e-4	0.277446707878185	0.796451046869448	79	MaasLin2_LM_CLR	Klebsiella	Klebsiella	7.8869394491037e-4	7.2091251080009e-4	79	1	0.277446707878185	0.796451046869448	k__Bacteria|p__Proteobacteria|c__Gammaproteobacteria|o__Enterobacteriales|f__Enterobacteriaceae|g__Klebsiella	higher_in_case_group
Lactobacillus	CD_vs_UC	model_group	CD	5.6116476446403e-4	5.147171092546e-4	0.27909823009955	0.796451046869448	79	MaasLin2_LM_CLR	Lactobacillus	Lactobacillus	5.6116476446403e-4	5.147171092546e-4	79	0	0.27909823009955	0.796451046869448	k__Bacteria|p__Firmicutes|c__Bacilli|o__Lactobacillales|f__Lactobacillaceae|g__Lactobacillus	higher_in_case_group
Subdoligranulum	CD_vs_UC	model_group	CD	0.0106241801607017	0.0109155880690983	0.333531220958999	0.809401691020239	79	MaasLin2_LM_CLR	Subdoligranulum	Subdoligranulum	0.0106241801607017	0.0109155880690983	79	29	0.333531220958999	0.809401691020239	k__Bacteria|p__Firmicutes|c__Clostridia|o__Clostridiales|f__Ruminococcaceae|g__Subdoligranulum	higher_in_case_group
Akkermansia	CD_vs_UC	model_group	CD	0.00430020258533772	0.00485079145094955	0.378184596823662	0.809401691020239	79	MaasLin2_LM_CLR	Akkermansia	Akkermansia	0.00430020258533772	0.00485079145094955	79	6	0.378184596823662	0.809401691020239	k__Bacteria|p__Verrucomicrobia|c__Verrucomicrobiae|o__Verrucomicrobiales|f__Verrucomicrobiaceae|g__Akkermansia	higher_in_case_group
Escherichia	CD_vs_UC	model_group	CD	0.0099917528575551	0.0114544069993356	0.385825314821379	0.809401691020239	79	MaasLin2_LM_CLR	Escherichia	Escherichia	0.0099917528575551	0.0114544069993356	79	12	0.385825314821379	0.809401691020239	k__Bacteria|p__Proteobacteria|c__Gammaproteobacteria|o__Enterobacteriales|f__Enterobacteriaceae|g__Escherichia	higher_in_case_group
Oscillibacter	CD_vs_UC	model_group	CD	0.00419786572837085	0.00506077191605663	0.40945888293856	0.809401691020239	79	MaasLin2_LM_CLR	Oscillibacter	Oscillibacter	0.00419786572837085	0.00506077191605663	79	9	0.40945888293856	0.809401691020239	k__Bacteria|p__Firmicutes|c__Clostridia|o__Clostridiales|f__Oscillospiraceae|g__Oscillibacter	higher_in_case_group
Bilophila	CD_vs_UC	model_group	CD	7.3352201738831e-4	9.9991255670304e-4	0.465487988922182	0.809401691020239	79	MaasLin2_LM_CLR	Bilophila	Bilophila	7.3352201738831e-4	9.9991255670304e-4	79	1	0.465487988922182	0.809401691020239	k__Bacteria|p__Proteobacteria|c__Deltaproteobacteria|o__Desulfovibrionales|f__Desulfovibrionaceae|g__Bilophila	higher_in_case_group
Anaerostipes	CD_vs_UC	model_group	CD	-3.5585422520197e-4	5.2097860695916e-4	0.496680114892504	0.809401691020239	79	MaasLin2_LM_CLR	Anaerostipes	Anaerostipes	-3.5585422520197e-4	5.2097860695916e-4	79	0	0.496680114892504	0.809401691020239	k__Bacteria|p__Firmicutes|c__Clostridia|o__Clostridiales|f__Lachnospiraceae|g__Anaerostipes	lower_in_case_group
Haemophilus	CD_vs_UC	model_group	CD	0.0114591894710913	0.0168318991195775	0.498093348320147	0.809401691020239	79	MaasLin2_LM_CLR	Haemophilus	Haemophilus	0.0114591894710913	0.0168318991195775	79	2	0.498093348320147	0.809401691020239	k__Bacteria|p__Proteobacteria|c__Gammaproteobacteria|o__Pasteurellales|f__Pasteurellaceae|g__Haemophilus	higher_in_case_group
Porphyromonas	CD_vs_UC	model_group	CD	1.8024124283945e-4	2.7240762828727e-4	0.510216902151418	0.816606401523289	79	MaasLin2_LM_CLR	Porphyromonas	Porphyromonas	1.8024124283945e-4	2.7240762828727e-4	79	0	0.510216902151418	0.816606401523289	k__Bacteria|p__Bacteroidetes|c__Bacteroidia|o__Bacteroidales|f__Porphyromonadaceae|g__Porphyromonas	higher_in_case_group
Barnesiella	CD_vs_UC	model_group	CD	0.00229407268053835	0.00364736207394882	0.531281320540218	0.816606401523289	79	MaasLin2_LM_CLR	Barnesiella	Barnesiella	0.00229407268053835	0.00364736207394882	79	8	0.531281320540218	0.816606401523289	k__Bacteria|p__Bacteroidetes|c__Bacteroidia|o__Bacteroidales|f__Porphyromonadaceae|g__Barnesiella	higher_in_case_group
Streptococcus	CD_vs_UC	model_group	CD	0.00265483734169685	0.00463851407183683	0.568798975656947	0.816606401523289	79	MaasLin2_LM_CLR	Streptococcus	Streptococcus	0.00265483734169685	0.00463851407183683	79	3	0.568798975656947	0.816606401523289	k__Bacteria|p__Firmicutes|c__Bacilli|o__Lactobacillales|f__Streptococcaceae|g__Streptococcus	higher_in_case_group
Propionibacterium	CD_vs_UC	model_group	CD	0.00120476287719185	0.00263265956659517	0.648547031612202	0.840683165464532	79	MaasLin2_LM_CLR	Propionibacterium	Propionibacterium	0.00120476287719185	0.00263265956659517	79	1	0.648547031612202	0.840683165464532	k__Bacteria|p__Actinobacteria|c__Actinobacteria|o__Actinomycetales|f__Propionibacteriaceae|g__Propionibacterium	higher_in_case_group
Bacteroides	CD_vs_UC	model_group	CD	0.0188875614663066	0.0425791600091683	0.658618286313921	0.840683165464532	79	MaasLin2_LM_CLR	Bacteroides	Bacteroides	0.0188875614663066	0.0425791600091683	79	72	0.658618286313921	0.840683165464532	k__Bacteria|p__Bacteroidetes|c__Bacteroidia|o__Bacteroidales|f__Bacteroidaceae|g__Bacteroides	higher_in_case_group
Sutterella	CD_vs_UC	model_group	CD	-9.153541379171e-4	0.00212404357470521	0.667741628624924	0.840683165464532	79	MaasLin2_LM_CLR	Sutterella	Sutterella	-9.153541379171e-4	0.00212404357470521	79	5	0.667741628624924	0.840683165464532	k__Bacteria|p__Proteobacteria|c__Betaproteobacteria|o__Burkholderiales|f__Sutterellaceae|g__Sutterella	lower_in_case_group
Prevotella	CD_vs_UC	model_group	CD	-0.0148740755086151	0.0345694129934773	0.668235336651295	0.840683165464532	79	MaasLin2_LM_CLR	Prevotella	Prevotella	-0.0148740755086151	0.0345694129934773	79	10	0.668235336651295	0.840683165464532	k__Bacteria|p__Bacteroidetes|c__Bacteroidia|o__Bacteroidales|f__Prevotellaceae|g__Prevotella	lower_in_case_group
Eggerthella	CD_vs_UC	model_group	CD	1.0552595740609e-4	2.7745075623483e-4	0.704767201316319	0.86797644793694	79	MaasLin2_LM_CLR	Eggerthella	Eggerthella	1.0552595740609e-4	2.7745075623483e-4	79	0	0.704767201316319	0.86797644793694	k__Bacteria|p__Actinobacteria|c__Actinobacteria|o__Coriobacteriales|f__Coriobacteriaceae|g__Eggerthella	higher_in_case_group
Parasutterella	CD_vs_UC	model_group	CD	2.6490072153518e-4	9.4405205428168e-4	0.779790027594637	0.930973808454822	79	MaasLin2_LM_CLR	Parasutterella	Parasutterella	2.6490072153518e-4	9.4405205428168e-4	79	1	0.779790027594637	0.930973808454822	k__Bacteria|p__Proteobacteria|c__Betaproteobacteria|o__Burkholderiales|f__Sutterellaceae|g__Parasutterella	higher_in_case_group
Blautia	CD_vs_UC	model_group	CD	0.0010420955060352	0.00535998241030901	0.846371571468733	0.951888498192684	79	MaasLin2_LM_CLR	Blautia	Blautia	0.0010420955060352	0.00535998241030901	79	9	0.846371571468733	0.951888498192684	k__Bacteria|p__Firmicutes|c__Clostridia|o__Clostridiales|f__Lachnospiraceae|g__Blautia	higher_in_case_group
Bifidobacterium	CD_vs_UC	model_group	CD	0.0012321866608926	0.00809727660181024	0.879459131638503	0.951888498192684	79	MaasLin2_LM_CLR	Bifidobacterium	Bifidobacterium	0.0012321866608926	0.00809727660181024	79	6	0.879459131638503	0.951888498192684	k__Bacteria|p__Actinobacteria|c__Actinobacteria|o__Bifidobacteriales|f__Bifidobacteriaceae|g__Bifidobacterium	higher_in_case_group
Parabacteroides	CD_vs_UC	model_group	CD	0.00253511345538955	0.0188422065619531	0.89333251305569	0.951888498192684	79	MaasLin2_LM_CLR	Parabacteroides	Parabacteroides	0.00253511345538955	0.0188422065619531	79	41	0.89333251305569	0.951888498192684	k__Bacteria|p__Bacteroidetes|c__Bacteroidia|o__Bacteroidales|f__Porphyromonadaceae|g__Parabacteroides	higher_in_case_group
Anaerotruncus	CD_vs_UC	model_group	CD	5.05416299679189e-5	3.7855797239119e-4	0.894146910645925	0.951888498192684	79	MaasLin2_LM_CLR	Anaerotruncus	Anaerotruncus	5.05416299679189e-5	3.7855797239119e-4	79	0	0.894146910645925	0.951888498192684	k__Bacteria|p__Firmicutes|c__Clostridia|o__Clostridiales|f__Ruminococcaceae|g__Anaerotruncus	higher_in_case_group
Holdemania	CD_vs_UC	model_group	CD	-2.0887220910658e-5	2.7359736767397e-4	0.939349568819448	0.964069294314697	79	MaasLin2_LM_CLR	Holdemania	Holdemania	-2.0887220910658e-5	2.7359736767397e-4	79	0	0.939349568819448	0.964069294314697	k__Bacteria|p__Firmicutes|c__Erysipelotrichia|o__Erysipelotrichales|f__Erysipelotrichaceae|g__Holdemania	lower_in_case_group
Paraprevotella	CD_vs_UC	model_group	CD	6.2223765252871e-5	0.00225107300209407	0.978021243147815	0.990692360210913	79	MaasLin2_LM_CLR	Paraprevotella	Paraprevotella	6.2223765252871e-5	0.00225107300209407	79	4	0.978021243147815	0.990692360210913	k__Bacteria|p__Bacteroidetes|c__Bacteroidia|o__Bacteroidales|f__Prevotellaceae|g__Paraprevotella	higher_in_case_group
Ruminococcus	CD_vs_non_IBD	model_group	CD	-0.0149179913005334	0.00680281849807143	0.0315912610224452	0.610210792872432	75	MaasLin2_LM_CLR	Ruminococcus	Ruminococcus	-0.0149179913005334	0.00680281849807143	75	4	0.0315912610224452	0.610210792872432	k__Bacteria|p__Firmicutes|c__Clostridia|o__Clostridiales|f__Ruminococcaceae|g__Ruminococcus	lower_in_case_group
Porphyromonas	CD_vs_non_IBD	model_group	CD	5.4534200256484e-4	3.2118031760546e-4	0.0938999297617302	0.687969904973528	75	MaasLin2_LM_CLR	Porphyromonas	Porphyromonas	5.4534200256484e-4	3.2118031760546e-4	75	0	0.0938999297617302	0.687969904973528	k__Bacteria|p__Bacteroidetes|c__Bacteroidia|o__Bacteroidales|f__Porphyromonadaceae|g__Porphyromonas	higher_in_case_group
Akkermansia	CD_vs_non_IBD	model_group	CD	-0.0274476725737171	0.016221821778551	0.0950265536329879	0.687969904973528	75	MaasLin2_LM_CLR	Akkermansia	Akkermansia	-0.0274476725737171	0.016221821778551	75	10	0.0950265536329879	0.687969904973528	k__Bacteria|p__Verrucomicrobia|c__Verrucomicrobiae|o__Verrucomicrobiales|f__Verrucomicrobiaceae|g__Akkermansia	lower_in_case_group
Eggerthella	CD_vs_non_IBD	model_group	CD	4.9398657525202e-4	3.1736007429983e-4	0.124024137788353	0.687969904973528	75	MaasLin2_LM_CLR	Eggerthella	Eggerthella	4.9398657525202e-4	3.1736007429983e-4	75	0	0.124024137788353	0.687969904973528	k__Bacteria|p__Actinobacteria|c__Actinobacteria|o__Coriobacteriales|f__Coriobacteriaceae|g__Eggerthella	higher_in_case_group
Klebsiella	CD_vs_non_IBD	model_group	CD	0.00121730665105262	7.9271041049868e-4	0.129074729437522	0.687969904973528	75	MaasLin2_LM_CLR	Klebsiella	Klebsiella	0.00121730665105262	7.9271041049868e-4	75	1	0.129074729437522	0.687969904973528	k__Bacteria|p__Proteobacteria|c__Gammaproteobacteria|o__Enterobacteriales|f__Enterobacteriaceae|g__Klebsiella	higher_in_case_group
Barnesiella	CD_vs_non_IBD	model_group	CD	-0.00699325061284979	0.00458635019447033	0.131752159350359	0.687969904973528	75	MaasLin2_LM_CLR	Barnesiella	Barnesiella	-0.00699325061284979	0.00458635019447033	75	15	0.131752159350359	0.687969904973528	k__Bacteria|p__Bacteroidetes|c__Bacteroidia|o__Bacteroidales|f__Porphyromonadaceae|g__Barnesiella	lower_in_case_group
Oscillibacter	CD_vs_non_IBD	model_group	CD	0.00746040737657738	0.00542757161240131	0.173597492423394	0.687969904973528	75	MaasLin2_LM_CLR	Oscillibacter	Oscillibacter	0.00746040737657738	0.00542757161240131	75	5	0.173597492423394	0.687969904973528	k__Bacteria|p__Firmicutes|c__Clostridia|o__Clostridiales|f__Oscillospiraceae|g__Oscillibacter	higher_in_case_group
Alistipes	CD_vs_non_IBD	model_group	CD	-0.0200127568863665	0.0146725435281637	0.176888792614691	0.687969904973528	75	MaasLin2_LM_CLR	Alistipes	Alistipes	-0.0200127568863665	0.0146725435281637	75	47	0.176888792614691	0.687969904973528	k__Bacteria|p__Bacteroidetes|c__Bacteroidia|o__Bacteroidales|f__Rikenellaceae|g__Alistipes	lower_in_case_group
Eubacterium	CD_vs_non_IBD	model_group	CD	-0.0165748612477117	0.012546325453062	0.190712329438534	0.687969904973528	75	MaasLin2_LM_CLR	Eubacterium	Eubacterium	-0.0165748612477117	0.012546325453062	75	40	0.190712329438534	0.687969904973528	k__Bacteria|p__Firmicutes|c__Clostridia|o__Clostridiales|f__Eubacteriaceae|g__Eubacterium	lower_in_case_group
Holdemania	CD_vs_non_IBD	model_group	CD	4.2039434472273e-4	3.2946814479719e-4	0.206121550917495	0.687969904973528	75	MaasLin2_LM_CLR	Holdemania	Holdemania	4.2039434472273e-4	3.2946814479719e-4	75	0	0.206121550917495	0.687969904973528	k__Bacteria|p__Firmicutes|c__Erysipelotrichia|o__Erysipelotrichales|f__Erysipelotrichaceae|g__Holdemania	higher_in_case_group
Lactobacillus	CD_vs_non_IBD	model_group	CD	7.3350185325834e-4	5.7854557340905e-4	0.208997984659145	0.687969904973528	75	MaasLin2_LM_CLR	Lactobacillus	Lactobacillus	7.3350185325834e-4	5.7854557340905e-4	75	0	0.208997984659145	0.687969904973528	k__Bacteria|p__Firmicutes|c__Bacilli|o__Lactobacillales|f__Lactobacillaceae|g__Lactobacillus	higher_in_case_group
Escherichia	CD_vs_non_IBD	model_group	CD	0.0157595139323935	0.0127244926503877	0.21960331210573	0.687969904973528	75	MaasLin2_LM_CLR	Escherichia	Escherichia	0.0157595139323935	0.0127244926503877	75	11	0.21960331210573	0.687969904973528	k__Bacteria|p__Proteobacteria|c__Gammaproteobacteria|o__Enterobacteriales|f__Enterobacteriaceae|g__Escherichia	higher_in_case_group
Acidaminococcus	CD_vs_non_IBD	model_group	CD	0.0134818654972049	0.0109289221498054	0.221422017897952	0.687969904973528	75	MaasLin2_LM_CLR	Acidaminococcus	Acidaminococcus	0.0134818654972049	0.0109289221498054	75	6	0.221422017897952	0.687969904973528	k__Bacteria|p__Firmicutes|c__Negativicutes|o__Selenomonadales|f__Acidaminococcaceae|g__Acidaminococcus	higher_in_case_group
Paraprevotella	CD_vs_non_IBD	model_group	CD	-0.00413377196412662	0.00345936289248391	0.236082227647075	0.687969904973528	75	MaasLin2_LM_CLR	Paraprevotella	Paraprevotella	-0.00413377196412662	0.00345936289248391	75	4	0.236082227647075	0.687969904973528	k__Bacteria|p__Bacteroidetes|c__Bacteroidia|o__Bacteroidales|f__Prevotellaceae|g__Paraprevotella	lower_in_case_group
Veillonella	CD_vs_non_IBD	model_group	CD	0.0162407053268562	0.0137202021309869	0.240476909295518	0.687969904973528	75	MaasLin2_LM_CLR	Veillonella	Veillonella	0.0162407053268562	0.0137202021309869	75	7	0.240476909295518	0.687969904973528	k__Bacteria|p__Firmicutes|c__Negativicutes|o__Selenomonadales|f__Veillonellaceae|g__Veillonella	higher_in_case_group
Subdoligranulum	CD_vs_non_IBD	model_group	CD	-0.014708033600726301	0.0128339327539224	0.25563189517539	0.687969904973528	75	MaasLin2_LM_CLR	Subdoligranulum	Subdoligranulum	-0.014708033600726301	0.0128339327539224	75	35	0.25563189517539	0.687969904973528	k__Bacteria|p__Firmicutes|c__Clostridia|o__Clostridiales|f__Ruminococcaceae|g__Subdoligranulum	lower_in_case_group
Sutterella	CD_vs_non_IBD	model_group	CD	-0.00239074056126588	0.00210539622025535	0.25997201579676	0.687969904973528	75	MaasLin2_LM_CLR	Sutterella	Sutterella	-0.00239074056126588	0.00210539622025535	75	4	0.25997201579676	0.687969904973528	k__Bacteria|p__Proteobacteria|c__Betaproteobacteria|o__Burkholderiales|f__Sutterellaceae|g__Sutterella	lower_in_case_group
Coprobacillus	CD_vs_non_IBD	model_group	CD	4.4558143051394e-4	3.9876100899701e-4	0.267583984109168	0.687969904973528	75	MaasLin2_LM_CLR	Coprobacillus	Coprobacillus	4.4558143051394e-4	3.9876100899701e-4	75	0	0.267583984109168	0.687969904973528	k__Bacteria|p__Firmicutes|c__Erysipelotrichia|o__Erysipelotrichales|f__Erysipelotrichaceae|g__Coprobacillus	higher_in_case_group
Bilophila	CD_vs_non_IBD	model_group	CD	-0.00143682296667509	0.00136176230710695	0.294947586301119	0.701708227496494	75	MaasLin2_LM_CLR	Bilophila	Bilophila	-0.00143682296667509	0.00136176230710695	75	1	0.294947586301119	0.701708227496494	k__Bacteria|p__Proteobacteria|c__Deltaproteobacteria|o__Desulfovibrionales|f__Desulfovibrionaceae|g__Bilophila	lower_in_case_group
Dialister	CD_vs_non_IBD	model_group	CD	0.00428561995492228	0.00447617350640635	0.341599461178398	0.701708227496494	75	MaasLin2_LM_CLR	Dialister	Dialister	0.00428561995492228	0.00447617350640635	75	9	0.341599461178398	0.701708227496494	k__Bacteria|p__Firmicutes|c__Negativicutes|o__Selenomonadales|f__Veillonellaceae|g__Dialister	higher_in_case_group
Desulfovibrio	CD_vs_non_IBD	model_group	CD	-0.0010975048715339301	0.0011794357562022	0.355247983740601	0.701708227496494	75	MaasLin2_LM_CLR	Desulfovibrio	Desulfovibrio	-0.0010975048715339301	0.0011794357562022	75	1	0.355247983740601	0.701708227496494	k__Bacteria|p__Proteobacteria|c__Deltaproteobacteria|o__Desulfovibrionales|f__Desulfovibrionaceae|g__Desulfovibrio	lower_in_case_group
Anaerostipes	CD_vs_non_IBD	model_group	CD	3.596100533588e-4	3.902836392095e-4	0.3599583597449	0.701708227496494	75	MaasLin2_LM_CLR	Anaerostipes	Anaerostipes	3.596100533588e-4	3.902836392095e-4	75	0	0.3599583597449	0.701708227496494	k__Bacteria|p__Firmicutes|c__Clostridia|o__Clostridiales|f__Lachnospiraceae|g__Anaerostipes	higher_in_case_group
Anaerotruncus	CD_vs_non_IBD	model_group	CD	2.9609580665565e-4	3.2779582714732e-4	0.36942474404343	0.701708227496494	75	MaasLin2_LM_CLR	Anaerotruncus	Anaerotruncus	2.9609580665565e-4	3.2779582714732e-4	75	0	0.36942474404343	0.701708227496494	k__Bacteria|p__Firmicutes|c__Clostridia|o__Clostridiales|f__Ruminococcaceae|g__Anaerotruncus	higher_in_case_group
Parabacteroides	CD_vs_non_IBD	model_group	CD	0.0179967217061144	0.0201125002600436	0.373915967113335	0.701708227496494	75	MaasLin2_LM_CLR	Parabacteroides	Parabacteroides	0.0179967217061144	0.0201125002600436	75	41	0.373915967113335	0.701708227496494	k__Bacteria|p__Bacteroidetes|c__Bacteroidia|o__Bacteroidales|f__Porphyromonadaceae|g__Parabacteroides	higher_in_case_group
Parasutterella	CD_vs_non_IBD	model_group	CD	7.6540123209388e-4	8.7805963880259e-4	0.38631230954467	0.701708227496494	75	MaasLin2_LM_CLR	Parasutterella	Parasutterella	7.6540123209388e-4	8.7805963880259e-4	75	1	0.38631230954467	0.701708227496494	k__Bacteria|p__Proteobacteria|c__Betaproteobacteria|o__Burkholderiales|f__Sutterellaceae|g__Parasutterella	higher_in_case_group
Dorea	CD_vs_non_IBD	model_group	CD	6.4223986791162e-4	7.9846181782045e-4	0.423882069906178	0.710300614712461	75	MaasLin2_LM_CLR	Dorea	Dorea	6.4223986791162e-4	7.9846181782045e-4	75	0	0.423882069906178	0.710300614712461	k__Bacteria|p__Firmicutes|c__Clostridia|o__Clostridiales|f__Lachnospiraceae|g__Dorea	higher_in_case_group
Coprococcus	CD_vs_non_IBD	model_group	CD	-9.8861798161249e-4	0.00130462961074784	0.451092468737037	0.743349561158215	75	MaasLin2_LM_CLR	Coprococcus	Coprococcus	-9.8861798161249e-4	0.00130462961074784	75	1	0.451092468737037	0.743349561158215	k__Bacteria|p__Firmicutes|c__Clostridia|o__Clostridiales|f__Lachnospiraceae|g__Coprococcus	lower_in_case_group
Clostridium	CD_vs_non_IBD	model_group	CD	0.0050894851743701	0.00818568052252366	0.53609461072065	0.813899138539032	75	MaasLin2_LM_CLR	Clostridium	Clostridium	0.0050894851743701	0.00818568052252366	75	14	0.53609461072065	0.813899138539032	k__Bacteria|p__Firmicutes|c__Clostridia|o__Clostridiales|f__Clostridiaceae|g__Clostridium	higher_in_case_group
Faecalibacterium	CD_vs_non_IBD	model_group	CD	-0.0133717763917912	0.0218551009044656	0.542599425692688	0.813899138539032	75	MaasLin2_LM_CLR	Faecalibacterium	Faecalibacterium	-0.0133717763917912	0.0218551009044656	75	50	0.542599425692688	0.813899138539032	k__Bacteria|p__Firmicutes|c__Clostridia|o__Clostridiales|f__Ruminococcaceae|g__Faecalibacterium	lower_in_case_group
Bacteroides	CD_vs_non_IBD	model_group	CD	0.0244884532086784	0.0446355793615917	0.58497998644744	0.834013805855349	75	MaasLin2_LM_CLR	Bacteroides	Bacteroides	0.0244884532086784	0.0446355793615917	75	69	0.58497998644744	0.834013805855349	k__Bacteria|p__Bacteroidetes|c__Bacteroidia|o__Bacteroidales|f__Bacteroidaceae|g__Bacteroides	higher_in_case_group
Odoribacter	CD_vs_non_IBD	model_group	CD	0.00153046712405386	0.00293958974527759	0.604237693040461	0.834013805855349	75	MaasLin2_LM_CLR	Odoribacter	Odoribacter	0.00153046712405386	0.00293958974527759	75	8	0.604237693040461	0.834013805855349	k__Bacteria|p__Bacteroidetes|c__Bacteroidia|o__Bacteroidales|f__Porphyromonadaceae|g__Odoribacter	higher_in_case_group
Collinsella	CD_vs_non_IBD	model_group	CD	1.9066233228846e-4	4.1670849226313e-4	0.64867740455416	0.834013805855349	75	MaasLin2_LM_CLR	Collinsella	Collinsella	1.9066233228846e-4	4.1670849226313e-4	75	0	0.64867740455416	0.834013805855349	k__Bacteria|p__Actinobacteria|c__Actinobacteria|o__Coriobacteriales|f__Coriobacteriaceae|g__Collinsella	higher_in_case_group
Roseburia	CD_vs_non_IBD	model_group	CD	0.00290409440881291	0.00732090470185577	0.692789455404121	0.862301768960448	75	MaasLin2_LM_CLR	Roseburia	Roseburia	0.00290409440881291	0.00732090470185577	75	11	0.692789455404121	0.862301768960448	k__Bacteria|p__Firmicutes|c__Clostridia|o__Clostridiales|f__Lachnospiraceae|g__Roseburia	higher_in_case_group
Prevotella	CD_vs_non_IBD	model_group	CD	0.0101501713700628	0.0338719563177748	0.765309764821152	0.884565591408361	75	MaasLin2_LM_CLR	Prevotella	Prevotella	0.0101501713700628	0.0338719563177748	75	10	0.765309764821152	0.884565591408361	k__Bacteria|p__Bacteroidetes|c__Bacteroidia|o__Bacteroidales|f__Prevotellaceae|g__Prevotella	higher_in_case_group
Streptococcus	CD_vs_non_IBD	model_group	CD	0.0012711407166639	0.0050097533854282	0.800435020877547	0.899847523293641	75	MaasLin2_LM_CLR	Streptococcus	Streptococcus	0.0012711407166639	0.0050097533854282	75	3	0.800435020877547	0.899847523293641	k__Bacteria|p__Firmicutes|c__Bacilli|o__Lactobacillales|f__Streptococcaceae|g__Streptococcus	higher_in_case_group
Blautia	CD_vs_non_IBD	model_group	CD	-0.00148605939572706	0.00743767545698234	0.842206908248372	0.899847523293641	75	MaasLin2_LM_CLR	Blautia	Blautia	-0.00148605939572706	0.00743767545698234	75	5	0.842206908248372	0.899847523293641	k__Bacteria|p__Firmicutes|c__Clostridia|o__Clostridiales|f__Lachnospiraceae|g__Blautia	lower_in_case_group
Propionibacterium	CD_vs_non_IBD	model_group	CD	4.229638108122e-4	0.00289377565904975	0.884206675026471	0.923680187304439	75	MaasLin2_LM_CLR	Propionibacterium	Propionibacterium	4.229638108122e-4	0.00289377565904975	75	1	0.884206675026471	0.923680187304439	k__Bacteria|p__Actinobacteria|c__Actinobacteria|o__Actinomycetales|f__Propionibacteriaceae|g__Propionibacterium	higher_in_case_group
Bifidobacterium	CD_vs_non_IBD	model_group	CD	-5.9517611008383e-4	0.00877108081596929	0.946090486180123	0.962544233765864	75	MaasLin2_LM_CLR	Bifidobacterium	Bifidobacterium	-5.9517611008383e-4	0.00877108081596929	75	6	0.946090486180123	0.962544233765864	k__Bacteria|p__Actinobacteria|c__Actinobacteria|o__Bifidobacteriales|f__Bifidobacteriaceae|g__Bifidobacterium	lower_in_case_group
Haemophilus	CD_vs_non_IBD	model_group	CD	-0.0010366952924753	0.0184620484899579	0.955377823296139	0.963613839014209	75	MaasLin2_LM_CLR	Haemophilus	Haemophilus	-0.0010366952924753	0.0184620484899579	75	3	0.955377823296139	0.963613839014209	k__Bacteria|p__Proteobacteria|c__Gammaproteobacteria|o__Pasteurellales|f__Pasteurellaceae|g__Haemophilus	lower_in_case_group
Ruminococcus	IBD_vs_non_IBD	model_group	IBD	-0.0139679876573942	0.0053302807044571	0.010135042890857201	0.424542790188377	105	MaasLin2_LM_CLR	Ruminococcus	Ruminococcus	-0.0139679876573942	0.0053302807044571	105	8	0.010135042890857201	0.424542790188377	k__Bacteria|p__Firmicutes|c__Clostridia|o__Clostridiales|f__Ruminococcaceae|g__Ruminococcus	lower_in_case_group
Akkermansia	IBD_vs_non_IBD	model_group	IBD	-0.0283445045277016	0.0125730165810127	0.0263308433474427	0.583347516910695	105	MaasLin2_LM_CLR	Akkermansia	Akkermansia	-0.0283445045277016	0.0125730165810127	105	12	0.0263308433474427	0.583347516910695	k__Bacteria|p__Verrucomicrobia|c__Verrucomicrobiae|o__Verrucomicrobiales|f__Verrucomicrobiaceae|g__Akkermansia	lower_in_case_group
Alistipes	IBD_vs_non_IBD	model_group	IBD	-0.0287682783279411	0.0132871669569357	0.032733595537293	0.583347516910695	105	MaasLin2_LM_CLR	Alistipes	Alistipes	-0.0287682783279411	0.0132871669569357	105	61	0.032733595537293	0.583347516910695	k__Bacteria|p__Bacteroidetes|c__Bacteroidia|o__Bacteroidales|f__Rikenellaceae|g__Alistipes	lower_in_case_group
Barnesiella	IBD_vs_non_IBD	model_group	IBD	-0.00831228147543236	0.00399279482970111	0.0398870097032954	0.583347516910695	105	MaasLin2_LM_CLR	Barnesiella	Barnesiella	-0.00831228147543236	0.00399279482970111	105	17	0.0398870097032954	0.583347516910695	k__Bacteria|p__Bacteroidetes|c__Bacteroidia|o__Bacteroidales|f__Porphyromonadaceae|g__Barnesiella	lower_in_case_group
Roseburia	IBD_vs_non_IBD	model_group	IBD	0.0174514609914493	0.00990572565253929	0.081136544272351993	0.698385791095503	105	MaasLin2_LM_CLR	Roseburia	Roseburia	0.0174514609914493	0.00990572565253929	105	23	0.081136544272351993	0.698385791095503	k__Bacteria|p__Firmicutes|c__Clostridia|o__Clostridiales|f__Lachnospiraceae|g__Roseburia	higher_in_case_group
Bilophila	IBD_vs_non_IBD	model_group	IBD	-0.0018578529240500601	0.00109875630604794	0.0939456568905707	0.698385791095503	105	MaasLin2_LM_CLR	Bilophila	Bilophila	-0.0018578529240500601	0.00109875630604794	105	1	0.0939456568905707	0.698385791095503	k__Bacteria|p__Proteobacteria|c__Deltaproteobacteria|o__Desulfovibrionales|f__Desulfovibrionaceae|g__Bilophila	lower_in_case_group
Subdoligranulum	IBD_vs_non_IBD	model_group	IBD	-0.0161079397006887	0.0104952308779527	0.127962969649443	0.698385791095503	105	MaasLin2_LM_CLR	Subdoligranulum	Subdoligranulum	-0.0161079397006887	0.0104952308779527	105	44	0.127962969649443	0.698385791095503	k__Bacteria|p__Firmicutes|c__Clostridia|o__Clostridiales|f__Ruminococcaceae|g__Subdoligranulum	lower_in_case_group
Desulfovibrio	IBD_vs_non_IBD	model_group	IBD	-0.00139234441658468	9.213236405797e-4	0.133848936027835	0.698385791095503	105	MaasLin2_LM_CLR	Desulfovibrio	Desulfovibrio	-0.00139234441658468	9.213236405797e-4	105	1	0.133848936027835	0.698385791095503	k__Bacteria|p__Proteobacteria|c__Deltaproteobacteria|o__Desulfovibrionales|f__Desulfovibrionaceae|g__Desulfovibrio	lower_in_case_group
Porphyromonas	IBD_vs_non_IBD	model_group	IBD	4.1324706864689e-4	2.8897437937714e-4	0.15578965463647	0.698385791095503	105	MaasLin2_LM_CLR	Porphyromonas	Porphyromonas	4.1324706864689e-4	2.8897437937714e-4	105	0	0.15578965463647	0.698385791095503	k__Bacteria|p__Bacteroidetes|c__Bacteroidia|o__Bacteroidales|f__Porphyromonadaceae|g__Porphyromonas	higher_in_case_group
Eggerthella	IBD_vs_non_IBD	model_group	IBD	4.0720210228332e-4	2.9255229652509e-4	0.167011756633249	0.698385791095503	105	MaasLin2_LM_CLR	Eggerthella	Eggerthella	4.0720210228332e-4	2.9255229652509e-4	105	0	0.167011756633249	0.698385791095503	k__Bacteria|p__Actinobacteria|c__Actinobacteria|o__Coriobacteriales|f__Coriobacteriaceae|g__Eggerthella	higher_in_case_group
Collinsella	IBD_vs_non_IBD	model_group	IBD	8.5676775257687e-4	6.5190245200862e-4	0.191736476314163	0.698385791095503	105	MaasLin2_LM_CLR	Collinsella	Collinsella	8.5676775257687e-4	6.5190245200862e-4	105	0	0.191736476314163	0.698385791095503	k__Bacteria|p__Actinobacteria|c__Actinobacteria|o__Coriobacteriales|f__Coriobacteriaceae|g__Collinsella	higher_in_case_group
Paraprevotella	IBD_vs_non_IBD	model_group	IBD	-0.00365884450075199	0.00280471165827443	0.195016036601676	0.698385791095503	105	MaasLin2_LM_CLR	Paraprevotella	Paraprevotella	-0.00365884450075199	0.00280471165827443	105	6	0.195016036601676	0.698385791095503	k__Bacteria|p__Bacteroidetes|c__Bacteroidia|o__Bacteroidales|f__Prevotellaceae|g__Paraprevotella	lower_in_case_group
Klebsiella	IBD_vs_non_IBD	model_group	IBD	8.2150875284403e-4	6.4203781627995e-4	0.203640870839817	0.698385791095503	105	MaasLin2_LM_CLR	Klebsiella	Klebsiella	8.2150875284403e-4	6.4203781627995e-4	105	1	0.203640870839817	0.698385791095503	k__Bacteria|p__Proteobacteria|c__Gammaproteobacteria|o__Enterobacteriales|f__Enterobacteriaceae|g__Klebsiella	higher_in_case_group
Holdemania	IBD_vs_non_IBD	model_group	IBD	3.7038520174202e-4	2.8959008334138e-4	0.20382848160433	0.698385791095503	105	MaasLin2_LM_CLR	Holdemania	Holdemania	3.7038520174202e-4	2.8959008334138e-4	105	0	0.20382848160433	0.698385791095503	k__Bacteria|p__Firmicutes|c__Erysipelotrichia|o__Erysipelotrichales|f__Erysipelotrichaceae|g__Holdemania	higher_in_case_group
Dorea	IBD_vs_non_IBD	model_group	IBD	0.0016507654658049	0.00131058888903282	0.210731021543041	0.698385791095503	105	MaasLin2_LM_CLR	Dorea	Dorea	0.0016507654658049	0.00131058888903282	105	1	0.210731021543041	0.698385791095503	k__Bacteria|p__Firmicutes|c__Clostridia|o__Clostridiales|f__Lachnospiraceae|g__Dorea	higher_in_case_group
Oscillibacter	IBD_vs_non_IBD	model_group	IBD	0.00527283493171698	0.00438340706740616	0.231824217155323	0.698385791095503	105	MaasLin2_LM_CLR	Oscillibacter	Oscillibacter	0.00527283493171698	0.00438340706740616	105	9	0.231824217155323	0.698385791095503	k__Bacteria|p__Firmicutes|c__Clostridia|o__Clostridiales|f__Oscillospiraceae|g__Oscillibacter	higher_in_case_group
Escherichia	IBD_vs_non_IBD	model_group	IBD	0.0120447859700034	0.010152440377637	0.238250357596566	0.698385791095503	105	MaasLin2_LM_CLR	Escherichia	Escherichia	0.0120447859700034	0.010152440377637	105	15	0.238250357596566	0.698385791095503	k__Bacteria|p__Proteobacteria|c__Gammaproteobacteria|o__Enterobacteriales|f__Enterobacteriaceae|g__Escherichia	higher_in_case_group
Anaerostipes	IBD_vs_non_IBD	model_group	IBD	5.5837906095709e-4	4.8825587782005e-4	0.255484704942136	0.711707392338808	105	MaasLin2_LM_CLR	Anaerostipes	Anaerostipes	5.5837906095709e-4	4.8825587782005e-4	105	0	0.255484704942136	0.711707392338808	k__Bacteria|p__Firmicutes|c__Clostridia|o__Clostridiales|f__Lachnospiraceae|g__Anaerostipes	higher_in_case_group
Lactobacillus	IBD_vs_non_IBD	model_group	IBD	5.338953196001e-4	4.7477007731594e-4	0.26345182035891	0.716834022837035	105	MaasLin2_LM_CLR	Lactobacillus	Lactobacillus	5.338953196001e-4	4.7477007731594e-4	105	0	0.26345182035891	0.716834022837035	k__Bacteria|p__Firmicutes|c__Bacilli|o__Lactobacillales|f__Lactobacillaceae|g__Lactobacillus	higher_in_case_group
Acidaminococcus	IBD_vs_non_IBD	model_group	IBD	0.00825945325697241	0.00850244902454383	0.33365961038073	0.791589782250649	105	MaasLin2_LM_CLR	Acidaminococcus	Acidaminococcus	0.00825945325697241	0.00850244902454383	105	6	0.33365961038073	0.791589782250649	k__Bacteria|p__Firmicutes|c__Negativicutes|o__Selenomonadales|f__Acidaminococcaceae|g__Acidaminococcus	higher_in_case_group
Sutterella	IBD_vs_non_IBD	model_group	IBD	-0.00194802418734621	0.00210974271773808	0.358027134633397	0.791589782250649	105	MaasLin2_LM_CLR	Sutterella	Sutterella	-0.00194802418734621	0.00210974271773808	105	7	0.358027134633397	0.791589782250649	k__Bacteria|p__Proteobacteria|c__Betaproteobacteria|o__Burkholderiales|f__Sutterellaceae|g__Sutterella	lower_in_case_group
Veillonella	IBD_vs_non_IBD	model_group	IBD	0.00921680640749485	0.0108203625364103	0.396339199806239	0.791589782250649	105	MaasLin2_LM_CLR	Veillonella	Veillonella	0.00921680640749485	0.0108203625364103	105	9	0.396339199806239	0.791589782250649	k__Bacteria|p__Firmicutes|c__Negativicutes|o__Selenomonadales|f__Veillonellaceae|g__Veillonella	higher_in_case_group
Coprobacillus	IBD_vs_non_IBD	model_group	IBD	0.0019015196064937	0.00227563702287768	0.405353024451947	0.791589782250649	105	MaasLin2_LM_CLR	Coprobacillus	Coprobacillus	0.0019015196064937	0.00227563702287768	105	1	0.405353024451947	0.791589782250649	k__Bacteria|p__Firmicutes|c__Erysipelotrichia|o__Erysipelotrichales|f__Erysipelotrichaceae|g__Coprobacillus	higher_in_case_group
Parasutterella	IBD_vs_non_IBD	model_group	IBD	6.8722183825934e-4	8.4671377304924e-4	0.418910259816046	0.791589782250649	105	MaasLin2_LM_CLR	Parasutterella	Parasutterella	6.8722183825934e-4	8.4671377304924e-4	105	1	0.418910259816046	0.791589782250649	k__Bacteria|p__Proteobacteria|c__Betaproteobacteria|o__Burkholderiales|f__Sutterellaceae|g__Parasutterella	higher_in_case_group
Parabacteroides	IBD_vs_non_IBD	model_group	IBD	0.0131817603009305	0.0164032228508181	0.423510697028678	0.791589782250649	105	MaasLin2_LM_CLR	Parabacteroides	Parabacteroides	0.0131817603009305	0.0164032228508181	105	59	0.423510697028678	0.791589782250649	k__Bacteria|p__Bacteroidetes|c__Bacteroidia|o__Bacteroidales|f__Porphyromonadaceae|g__Parabacteroides	higher_in_case_group
Anaerotruncus	IBD_vs_non_IBD	model_group	IBD	2.8224610351248e-4	3.571680127615e-4	0.431242956334211	0.791589782250649	105	MaasLin2_LM_CLR	Anaerotruncus	Anaerotruncus	2.8224610351248e-4	3.571680127615e-4	105	0	0.431242956334211	0.791589782250649	k__Bacteria|p__Firmicutes|c__Clostridia|o__Clostridiales|f__Ruminococcaceae|g__Anaerotruncus	higher_in_case_group
Dialister	IBD_vs_non_IBD	model_group	IBD	0.00208224142034413	0.00372839545873044	0.577751390880565	0.832030080595991	105	MaasLin2_LM_CLR	Dialister	Dialister	0.00208224142034413	0.00372839545873044	105	13	0.577751390880565	0.832030080595991	k__Bacteria|p__Firmicutes|c__Negativicutes|o__Selenomonadales|f__Veillonellaceae|g__Dialister	higher_in_case_group
Prevotella	IBD_vs_non_IBD	model_group	IBD	0.0178216362231596	0.0322972294919726	0.582303727723792	0.832030080595991	105	MaasLin2_LM_CLR	Prevotella	Prevotella	0.0178216362231596	0.0322972294919726	105	15	0.582303727723792	0.832030080595991	k__Bacteria|p__Bacteroidetes|c__Bacteroidia|o__Bacteroidales|f__Prevotellaceae|g__Prevotella	higher_in_case_group
Streptococcus	IBD_vs_non_IBD	model_group	IBD	0.00158785562863107	0.00396800284980738	0.689880145907447	0.891005828417216	105	MaasLin2_LM_CLR	Streptococcus	Streptococcus	0.00158785562863107	0.00396800284980738	105	3	0.689880145907447	0.891005828417216	k__Bacteria|p__Firmicutes|c__Bacilli|o__Lactobacillales|f__Streptococcaceae|g__Streptococcus	higher_in_case_group
Coprococcus	IBD_vs_non_IBD	model_group	IBD	6.5870505993697e-4	0.00188141232490476	0.726983698668787	0.891005828417216	105	MaasLin2_LM_CLR	Coprococcus	Coprococcus	6.5870505993697e-4	0.00188141232490476	105	4	0.726983698668787	0.891005828417216	k__Bacteria|p__Firmicutes|c__Clostridia|o__Clostridiales|f__Lachnospiraceae|g__Coprococcus	higher_in_case_group
Clostridium	IBD_vs_non_IBD	model_group	IBD	0.00160395534122928	0.00688201164045467	0.816182690443058	0.91820552674844	105	MaasLin2_LM_CLR	Clostridium	Clostridium	0.00160395534122928	0.00688201164045467	105	16	0.816182690443058	0.91820552674844	k__Bacteria|p__Firmicutes|c__Clostridia|o__Clostridiales|f__Clostridiaceae|g__Clostridium	higher_in_case_group
Bacteroides	IBD_vs_non_IBD	model_group	IBD	0.00835315632703431	0.0412801037849377	0.840047750447917	0.923990723479566	105	MaasLin2_LM_CLR	Bacteroides	Bacteroides	0.00835315632703431	0.0412801037849377	105	97	0.840047750447917	0.923990723479566	k__Bacteria|p__Bacteroidetes|c__Bacteroidia|o__Bacteroidales|f__Bacteroidaceae|g__Bacteroides	higher_in_case_group
Propionibacterium	IBD_vs_non_IBD	model_group	IBD	4.4291626276143e-4	0.00225997157469499	0.845017157370202	0.923990723479566	105	MaasLin2_LM_CLR	Propionibacterium	Propionibacterium	4.4291626276143e-4	0.00225997157469499	105	1	0.845017157370202	0.923990723479566	k__Bacteria|p__Actinobacteria|c__Actinobacteria|o__Actinomycetales|f__Propionibacteriaceae|g__Propionibacterium	higher_in_case_group
Blautia	IBD_vs_non_IBD	model_group	IBD	-7.170121385935e-4	0.00604649119612381	0.905841122058577	0.971462661298701	105	MaasLin2_LM_CLR	Blautia	Blautia	-7.170121385935e-4	0.00604649119612381	105	10	0.905841122058577	0.971462661298701	k__Bacteria|p__Firmicutes|c__Clostridia|o__Clostridiales|f__Lachnospiraceae|g__Blautia	lower_in_case_group
Haemophilus	IBD_vs_non_IBD	model_group	IBD	-0.00138171347691002	0.0144078585401158	0.923790027158153	0.971462661298701	105	MaasLin2_LM_CLR	Haemophilus	Haemophilus	-0.00138171347691002	0.0144078585401158	105	3	0.923790027158153	0.971462661298701	k__Bacteria|p__Proteobacteria|c__Gammaproteobacteria|o__Pasteurellales|f__Pasteurellaceae|g__Haemophilus	lower_in_case_group
Bifidobacterium	IBD_vs_non_IBD	model_group	IBD	5.4597850126444e-4	0.00703015359556933	0.938250262621822	0.971462661298701	105	MaasLin2_LM_CLR	Bifidobacterium	Bifidobacterium	5.4597850126444e-4	0.00703015359556933	105	9	0.938250262621822	0.971462661298701	k__Bacteria|p__Actinobacteria|c__Actinobacteria|o__Bifidobacteriales|f__Bifidobacteriaceae|g__Bifidobacterium	higher_in_case_group
Eubacterium	IBD_vs_non_IBD	model_group	IBD	-5.7678270861498e-4	0.0164027972918804	0.97201862646958	0.98892329823426794	105	MaasLin2_LM_CLR	Eubacterium	Eubacterium	-5.7678270861498e-4	0.0164027972918804	105	58	0.97201862646958	0.98892329823426794	k__Bacteria|p__Firmicutes|c__Clostridia|o__Clostridiales|f__Eubacteriaceae|g__Eubacterium	lower_in_case_group
Odoribacter	IBD_vs_non_IBD	model_group	IBD	1.62950840570903e-5	0.00256929830391348	0.994952175731483	0.999607557647948	105	MaasLin2_LM_CLR	Odoribacter	Odoribacter	1.62950840570903e-5	0.00256929830391348	105	9	0.994952175731483	0.999607557647948	k__Bacteria|p__Bacteroidetes|c__Bacteroidia|o__Bacteroidales|f__Porphyromonadaceae|g__Odoribacter	higher_in_case_group
Faecalibacterium	IBD_vs_non_IBD	model_group	IBD	1.05860623027992e-5	0.0214695850440786	0.999607557647948	0.999607557647948	105	MaasLin2_LM_CLR	Faecalibacterium	Faecalibacterium	1.05860623027992e-5	0.0214695850440786	105	78	0.999607557647948	0.999607557647948	k__Bacteria|p__Firmicutes|c__Clostridia|o__Clostridiales|f__Ruminococcaceae|g__Faecalibacterium	higher_in_case_group
Roseburia	UC_vs_non_IBD	model_group	UC	0.0389862516958559	0.0126837512968718	0.0033632173336224	0.393496428033821	56	MaasLin2_LM_CLR	Roseburia	Roseburia	0.0389862516958559	0.0126837512968718	56	15	0.0033632173336224	0.393496428033821	k__Bacteria|p__Firmicutes|c__Clostridia|o__Clostridiales|f__Lachnospiraceae|g__Roseburia	higher_in_case_group
Alistipes	UC_vs_non_IBD	model_group	UC	-0.0396156796527869	0.0159851802073238	0.016485352093688	0.862802785927696	56	MaasLin2_LM_CLR	Alistipes	Alistipes	-0.0396156796527869	0.0159851802073238	56	32	0.016485352093688	0.862802785927696	k__Bacteria|p__Bacteroidetes|c__Bacteroidia|o__Bacteroidales|f__Rikenellaceae|g__Alistipes	lower_in_case_group
Bilophila	UC_vs_non_IBD	model_group	UC	-0.00276497352952435	0.0012352116638767	0.0294975311428272	0.862802785927696	56	MaasLin2_LM_CLR	Bilophila	Bilophila	-0.00276497352952435	0.0012352116638767	56	0	0.0294975311428272	0.862802785927696	k__Bacteria|p__Proteobacteria|c__Deltaproteobacteria|o__Desulfovibrionales|f__Desulfovibrionaceae|g__Bilophila	lower_in_case_group
Subdoligranulum	UC_vs_non_IBD	model_group	UC	-0.0191451312082043	0.0095067732212098	0.0492138363142453	0.887497207677431	56	MaasLin2_LM_CLR	Subdoligranulum	Subdoligranulum	-0.0191451312082043	0.0095067732212098	56	24	0.0492138363142453	0.887497207677431	k__Bacteria|p__Firmicutes|c__Clostridia|o__Clostridiales|f__Ruminococcaceae|g__Subdoligranulum	lower_in_case_group
Barnesiella	UC_vs_non_IBD	model_group	UC	-0.00984543875213202	0.00521146284982474	0.0644485284823578	0.887497207677431	56	MaasLin2_LM_CLR	Barnesiella	Barnesiella	-0.00984543875213202	0.00521146284982474	56	11	0.0644485284823578	0.887497207677431	k__Bacteria|p__Bacteroidetes|c__Bacteroidia|o__Bacteroidales|f__Porphyromonadaceae|g__Barnesiella	lower_in_case_group
Collinsella	UC_vs_non_IBD	model_group	UC	0.00180061505816692	9.8491372342606e-4	0.0732591223108023	0.887497207677431	56	MaasLin2_LM_CLR	Collinsella	Collinsella	0.00180061505816692	9.8491372342606e-4	56	0	0.0732591223108023	0.887497207677431	k__Bacteria|p__Actinobacteria|c__Actinobacteria|o__Coriobacteriales|f__Coriobacteriaceae|g__Collinsella	higher_in_case_group
Streptococcus	UC_vs_non_IBD	model_group	UC	0.00154145299936118	8.5096767192859e-4	0.0758544621946522	0.887497207677431	56	MaasLin2_LM_CLR	Streptococcus	Streptococcus	0.00154145299936118	8.5096767192859e-4	56	0	0.0758544621946522	0.887497207677431	k__Bacteria|p__Firmicutes|c__Bacilli|o__Lactobacillales|f__Streptococcaceae|g__Streptococcus	higher_in_case_group
Dorea	UC_vs_non_IBD	model_group	UC	0.00310020507313553	0.00196867595357691	0.121375488059916	0.90044668301955	56	MaasLin2_LM_CLR	Dorea	Dorea	0.00310020507313553	0.00196867595357691	56	1	0.121375488059916	0.90044668301955	k__Bacteria|p__Firmicutes|c__Clostridia|o__Clostridiales|f__Lachnospiraceae|g__Dorea	higher_in_case_group
Ruminococcus	UC_vs_non_IBD	model_group	UC	-0.0132789978445906	0.00876675161218156	0.13590373105387	0.90044668301955	56	MaasLin2_LM_CLR	Ruminococcus	Ruminococcus	-0.0132789978445906	0.00876675161218156	56	7	0.13590373105387	0.90044668301955	k__Bacteria|p__Firmicutes|c__Clostridia|o__Clostridiales|f__Ruminococcaceae|g__Ruminococcus	lower_in_case_group
Akkermansia	UC_vs_non_IBD	model_group	UC	-0.027698712014977	0.019907836371517	0.17004439109079	0.90044668301955	56	MaasLin2_LM_CLR	Akkermansia	Akkermansia	-0.027698712014977	0.019907836371517	56	8	0.17004439109079	0.90044668301955	k__Bacteria|p__Verrucomicrobia|c__Verrucomicrobiae|o__Verrucomicrobiales|f__Verrucomicrobiaceae|g__Akkermansia	lower_in_case_group
Desulfovibrio	UC_vs_non_IBD	model_group	UC	-0.00199571206592888	0.00147491313045095	0.181875809131239	0.90044668301955	56	MaasLin2_LM_CLR	Desulfovibrio	Desulfovibrio	-0.00199571206592888	0.00147491313045095	56	1	0.181875809131239	0.90044668301955	k__Bacteria|p__Proteobacteria|c__Deltaproteobacteria|o__Desulfovibrionales|f__Desulfovibrionaceae|g__Desulfovibrio	lower_in_case_group
Eubacterium	UC_vs_non_IBD	model_group	UC	0.0269907389398939	0.0221794442466629	0.229126828084496	0.90044668301955	56	MaasLin2_LM_CLR	Eubacterium	Eubacterium	0.0269907389398939	0.0221794442466629	56	36	0.229126828084496	0.90044668301955	k__Bacteria|p__Firmicutes|c__Clostridia|o__Clostridiales|f__Eubacteriaceae|g__Eubacterium	higher_in_case_group
Anaerostipes	UC_vs_non_IBD	model_group	UC	8.3875998679484e-4	7.2201009900879e-4	0.250661494212773	0.90044668301955	56	MaasLin2_LM_CLR	Anaerostipes	Anaerostipes	8.3875998679484e-4	7.2201009900879e-4	56	0	0.250661494212773	0.90044668301955	k__Bacteria|p__Firmicutes|c__Clostridia|o__Clostridiales|f__Lachnospiraceae|g__Anaerostipes	higher_in_case_group
Coprococcus	UC_vs_non_IBD	model_group	UC	0.00311382951127206	0.00287407974193376	0.283621093260728	0.90044668301955	56	MaasLin2_LM_CLR	Coprococcus	Coprococcus	0.00311382951127206	0.00287407974193376	56	3	0.283621093260728	0.90044668301955	k__Bacteria|p__Firmicutes|c__Clostridia|o__Clostridiales|f__Lachnospiraceae|g__Coprococcus	higher_in_case_group
Oscillibacter	UC_vs_non_IBD	model_group	UC	0.0025183769056002	0.0023846845108876002	0.295821324151297	0.90044668301955	56	MaasLin2_LM_CLR	Oscillibacter	Oscillibacter	0.0025183769056002	0.0023846845108876002	56	4	0.295821324151297	0.90044668301955	k__Bacteria|p__Firmicutes|c__Clostridia|o__Clostridiales|f__Oscillospiraceae|g__Oscillibacter	higher_in_case_group
Coprobacillus	UC_vs_non_IBD	model_group	UC	0.003770206224345	0.00373846153702356	0.317888495188638	0.90044668301955	56	MaasLin2_LM_CLR	Coprobacillus	Coprobacillus	0.003770206224345	0.00373846153702356	56	1	0.317888495188638	0.90044668301955	k__Bacteria|p__Firmicutes|c__Erysipelotrichia|o__Erysipelotrichales|f__Erysipelotrichaceae|g__Coprobacillus	higher_in_case_group
Odoribacter	UC_vs_non_IBD	model_group	UC	-0.00216009693401113	0.0024771048026726	0.387203494209856	0.90044668301955	56	MaasLin2_LM_CLR	Odoribacter	Odoribacter	-0.00216009693401113	0.0024771048026726	56	3	0.387203494209856	0.90044668301955	k__Bacteria|p__Bacteroidetes|c__Bacteroidia|o__Bacteroidales|f__Porphyromonadaceae|g__Odoribacter	lower_in_case_group
Prevotella	UC_vs_non_IBD	model_group	UC	0.0322507654548222	0.0388632668180012	0.410415997202364	0.90044668301955	56	MaasLin2_LM_CLR	Prevotella	Prevotella	0.0322507654548222	0.0388632668180012	56	10	0.410415997202364	0.90044668301955	k__Bacteria|p__Bacteroidetes|c__Bacteroidia|o__Bacteroidales|f__Prevotellaceae|g__Prevotella	higher_in_case_group
Escherichia	UC_vs_non_IBD	model_group	UC	0.00435182424485257	0.00561169888713574	0.441561953113406	0.90044668301955	56	MaasLin2_LM_CLR	Escherichia	Escherichia	0.00435182424485257	0.00561169888713574	56	7	0.441561953113406	0.90044668301955	k__Bacteria|p__Proteobacteria|c__Gammaproteobacteria|o__Enterobacteriales|f__Enterobacteriaceae|g__Escherichia	higher_in_case_group
Holdemania	UC_vs_non_IBD	model_group	UC	2.8398160856679e-4	3.6994824091409e-4	0.446181600849873	0.90044668301955	56	MaasLin2_LM_CLR	Holdemania	Holdemania	2.8398160856679e-4	3.6994824091409e-4	56	0	0.446181600849873	0.90044668301955	k__Bacteria|p__Firmicutes|c__Erysipelotrichia|o__Erysipelotrichales|f__Erysipelotrichaceae|g__Holdemania	higher_in_case_group
Paraprevotella	UC_vs_non_IBD	model_group	UC	-0.00274906223263526	0.00372518426328985	0.463852093129888	0.90044668301955	56	MaasLin2_LM_CLR	Paraprevotella	Paraprevotella	-0.00274906223263526	0.00372518426328985	56	4	0.463852093129888	0.90044668301955	k__Bacteria|p__Bacteroidetes|c__Bacteroidia|o__Bacteroidales|f__Prevotellaceae|g__Paraprevotella	lower_in_case_group
Faecalibacterium	UC_vs_non_IBD	model_group	UC	0.0193675922848381	0.0283969345423891	0.49824610902784	0.90044668301955	56	MaasLin2_LM_CLR	Faecalibacterium	Faecalibacterium	0.0193675922848381	0.0283969345423891	56	45	0.49824610902784	0.90044668301955	k__Bacteria|p__Firmicutes|c__Clostridia|o__Clostridiales|f__Ruminococcaceae|g__Faecalibacterium	higher_in_case_group
Klebsiella	UC_vs_non_IBD	model_group	UC	2.6844779459413e-4	4.235421706601e-4	0.528979189513487	0.90044668301955	56	MaasLin2_LM_CLR	Klebsiella	Klebsiella	2.6844779459413e-4	4.235421706601e-4	56	0	0.528979189513487	0.90044668301955	k__Bacteria|p__Proteobacteria|c__Gammaproteobacteria|o__Enterobacteriales|f__Enterobacteriaceae|g__Klebsiella	higher_in_case_group
Parasutterella	UC_vs_non_IBD	model_group	UC	6.0911493715033e-4	9.6151247958153e-4	0.529185993895571	0.90044668301955	56	MaasLin2_LM_CLR	Parasutterella	Parasutterella	6.0911493715033e-4	9.6151247958153e-4	56	0	0.529185993895571	0.90044668301955	k__Bacteria|p__Proteobacteria|c__Betaproteobacteria|o__Burkholderiales|f__Sutterellaceae|g__Parasutterella	higher_in_case_group
Eggerthella	UC_vs_non_IBD	model_group	UC	2.4633127468473e-4	3.9348482416948e-4	0.534037025507629	0.90044668301955	56	MaasLin2_LM_CLR	Eggerthella	Eggerthella	2.4633127468473e-4	3.9348482416948e-4	56	0	0.534037025507629	0.90044668301955	k__Bacteria|p__Actinobacteria|c__Actinobacteria|o__Coriobacteriales|f__Coriobacteriaceae|g__Eggerthella	higher_in_case_group
Acidaminococcus	UC_vs_non_IBD	model_group	UC	-5.5720925598812e-4	9.1404780111277e-4	0.544777301407919	0.90044668301955	56	MaasLin2_LM_CLR	Acidaminococcus	Acidaminococcus	-5.5720925598812e-4	9.1404780111277e-4	56	0	0.544777301407919	0.90044668301955	k__Bacteria|p__Firmicutes|c__Negativicutes|o__Selenomonadales|f__Acidaminococcaceae|g__Acidaminococcus	lower_in_case_group
Anaerotruncus	UC_vs_non_IBD	model_group	UC	2.5840383650488e-4	4.9539258222089e-4	0.604153653893488	0.90044668301955	56	MaasLin2_LM_CLR	Anaerotruncus	Anaerotruncus	2.5840383650488e-4	4.9539258222089e-4	56	0	0.604153653893488	0.90044668301955	k__Bacteria|p__Firmicutes|c__Clostridia|o__Clostridiales|f__Ruminococcaceae|g__Anaerotruncus	higher_in_case_group
Haemophilus	UC_vs_non_IBD	model_group	UC	-9.7172795167915e-4	0.00186884005746218	0.605295898365075	0.90044668301955	56	MaasLin2_LM_CLR	Haemophilus	Haemophilus	-9.7172795167915e-4	0.00186884005746218	56	1	0.605295898365075	0.90044668301955	k__Bacteria|p__Proteobacteria|c__Gammaproteobacteria|o__Pasteurellales|f__Pasteurellaceae|g__Haemophilus	lower_in_case_group
Clostridium	UC_vs_non_IBD	model_group	UC	-0.00361341971403403	0.00743667224195005	0.629085004114005	0.90044668301955	56	MaasLin2_LM_CLR	Clostridium	Clostridium	-0.00361341971403403	0.00743667224195005	56	4	0.629085004114005	0.90044668301955	k__Bacteria|p__Firmicutes|c__Clostridia|o__Clostridiales|f__Clostridiaceae|g__Clostridium	lower_in_case_group
Porphyromonas	UC_vs_non_IBD	model_group	UC	1.8268101964221e-4	3.7687993802755e-4	0.629911041030573	0.90044668301955	56	MaasLin2_LM_CLR	Porphyromonas	Porphyromonas	1.8268101964221e-4	3.7687993802755e-4	56	0	0.629911041030573	0.90044668301955	k__Bacteria|p__Bacteroidetes|c__Bacteroidia|o__Bacteroidales|f__Porphyromonadaceae|g__Porphyromonas	higher_in_case_group
Sutterella	UC_vs_non_IBD	model_group	UC	-0.00123917386504966	0.00290682190874723	0.671649921983083	0.90044668301955	56	MaasLin2_LM_CLR	Sutterella	Sutterella	-0.00123917386504966	0.00290682190874723	56	5	0.671649921983083	0.90044668301955	k__Bacteria|p__Proteobacteria|c__Betaproteobacteria|o__Burkholderiales|f__Sutterellaceae|g__Sutterella	lower_in_case_group
Lactobacillus	UC_vs_non_IBD	model_group	UC	1.5998401710953e-4	3.8501422699547e-4	0.679465490966584	0.90044668301955	56	MaasLin2_LM_CLR	Lactobacillus	Lactobacillus	1.5998401710953e-4	3.8501422699547e-4	56	0	0.679465490966584	0.90044668301955	k__Bacteria|p__Firmicutes|c__Bacilli|o__Lactobacillales|f__Lactobacillaceae|g__Lactobacillus	higher_in_case_group
Parabacteroides	UC_vs_non_IBD	model_group	UC	0.0042710489705797	0.010289390984279	0.679781924293147	0.90044668301955	56	MaasLin2_LM_CLR	Parabacteroides	Parabacteroides	0.0042710489705797	0.010289390984279	56	36	0.679781924293147	0.90044668301955	k__Bacteria|p__Bacteroidetes|c__Bacteroidia|o__Bacteroidales|f__Porphyromonadaceae|g__Parabacteroides	higher_in_case_group
Bacteroides	UC_vs_non_IBD	model_group	UC	-0.0169558304653267	0.050090951063786	0.736348786553859	0.921462956161212	56	MaasLin2_LM_CLR	Bacteroides	Bacteroides	-0.0169558304653267	0.050090951063786	56	53	0.736348786553859	0.921462956161212	k__Bacteria|p__Bacteroidetes|c__Bacteroidia|o__Bacteroidales|f__Bacteroidaceae|g__Bacteroides	lower_in_case_group
Veillonella	UC_vs_non_IBD	model_group	UC	-0.00196266751515407	0.00608151800843638	0.748196417395856	0.921462956161212	56	MaasLin2_LM_CLR	Veillonella	Veillonella	-0.00196266751515407	0.00608151800843638	56	4	0.748196417395856	0.921462956161212	k__Bacteria|p__Firmicutes|c__Negativicutes|o__Selenomonadales|f__Veillonellaceae|g__Veillonella	lower_in_case_group
Dialister	UC_vs_non_IBD	model_group	UC	-0.00107659082175376	0.00417436731092032	0.797498087980695	0.94446760492979	56	MaasLin2_LM_CLR	Dialister	Dialister	-0.00107659082175376	0.00417436731092032	56	6	0.797498087980695	0.94446760492979	k__Bacteria|p__Firmicutes|c__Negativicutes|o__Selenomonadales|f__Veillonellaceae|g__Dialister	lower_in_case_group
Bifidobacterium	UC_vs_non_IBD	model_group	UC	7.3188773892104e-4	0.00339954950954757	0.830383701703383	0.951663955767553	56	MaasLin2_LM_CLR	Bifidobacterium	Bifidobacterium	7.3188773892104e-4	0.00339954950954757	56	6	0.830383701703383	0.951663955767553	k__Bacteria|p__Actinobacteria|c__Actinobacteria|o__Bifidobacteriales|f__Bifidobacteriaceae|g__Bifidobacterium	higher_in_case_group
Propionibacterium	UC_vs_non_IBD	model_group	UC	1.16549489382788e-5	3.8672509109679e-4	0.976072724072098	0.992034085411348	56	MaasLin2_LM_CLR	Propionibacterium	Propionibacterium	1.16549489382788e-5	3.8672509109679e-4	56	0	0.976072724072098	0.992034085411348	k__Bacteria|p__Actinobacteria|c__Actinobacteria|o__Actinomycetales|f__Propionibacteriaceae|g__Propionibacterium	higher_in_case_group
Blautia	UC_vs_non_IBD	model_group	UC	-2.37307018543104e-5	0.00730011545164449	0.997418736676069	0.997418736676069	56	MaasLin2_LM_CLR	Blautia	Blautia	-2.37307018543104e-5	0.00730011545164449	56	6	0.997418736676069	0.997418736676069	k__Bacteria|p__Firmicutes|c__Clostridia|o__Clostridiales|f__Lachnospiraceae|g__Blautia	lower_in_case_group
