taxon	metabolite	spearman_rho	p_value	n_samples	correlation_fdr	abs_rho	correlation_direction	taxon_label	metabolite_label
k__Bacteria|p__Firmicutes|c__Clostridia|o__Clostridiales|f__Ruminococcaceae|g__Ruminococcus	C8p_QI7970	-0.489553014546751	1.1594148963233077e-7	105	4.5217180956609e-4	0.489553014546751	negative	Ruminococcus	C8p QI7970
k__Bacteria|p__Firmicutes|c__Clostridia|o__Clostridiales|f__Clostridiaceae|g__Clostridium	C18n_QI4874	0.46417750090569937	6.116225337999037e-7	105	5.86735618782575e-4	0.46417750090569937	positive	Clostridium	C18n QI4874
k__Bacteria|p__Actinobacteria|c__Actinobacteria|o__Coriobacteriales|f__Coriobacteriaceae|g__Eggerthella	C18n_QI4874	0.4627830140477948	6.67592124763934e-7	105	5.86735618782575e-4	0.4627830140477948	positive	Eggerthella	C18n QI4874
k__Bacteria|p__Firmicutes|c__Erysipelotrichia|o__Erysipelotrichales|f__Erysipelotrichaceae|g__Coprobacillus	C18n_QI4874	0.4621453862280095	6.947736942818542e-7	105	5.86735618782575e-4	0.4621453862280095	positive	Coprobacillus	C18n QI4874
k__Bacteria|p__Firmicutes|c__Clostridia|o__Clostridiales|f__Ruminococcaceae|g__Anaerotruncus	HILn_QI25565	0.45855664990529404	8.684443149288854e-7	105	5.86735618782575e-4	0.45855664990529404	positive	Anaerotruncus	HILn QI25565
k__Bacteria|p__Firmicutes|c__Clostridia|o__Clostridiales|f__Ruminococcaceae|g__Ruminococcus	C8p_QI10300	-0.45793074849678617	9.026701827424231e-7	105	5.86735618782575e-4	0.45793074849678617	negative	Ruminococcus	C8p QI10300
k__Bacteria|p__Firmicutes|c__Clostridia|o__Clostridiales|f__Ruminococcaceae|g__Anaerotruncus	C18n_QI11958	-0.44993816290629884	1.4688963890146695e-6	105	8.183851310224586e-4	0.44993816290629884	negative	Anaerotruncus	C18n QI11958
k__Bacteria|p__Firmicutes|c__Clostridia|o__Clostridiales|f__Ruminococcaceae|g__Anaerotruncus	HILp_QI9275	-0.44361715306629435	2.1402872546405447e-6	105	0.0010433900366372656	0.44361715306629435	negative	Anaerotruncus	HILp QI9275
k__Bacteria|p__Bacteroidetes|c__Bacteroidia|o__Bacteroidales|f__Porphyromonadaceae|g__Odoribacter	C18n_QI2966	0.44023252248611844	2.610179474386568e-6	105	0.0011310777722341795	0.44023252248611844	positive	Odoribacter	C18n QI2966
k__Bacteria|p__Firmicutes|c__Clostridia|o__Clostridiales|f__Ruminococcaceae|g__Faecalibacterium	HILp_QI3032	0.4343104477523329	3.675198819442957e-6	105	0.0014333275395827533	0.4343104477523329	positive	Faecalibacterium	HILp QI3032
k__Bacteria|p__Firmicutes|c__Clostridia|o__Clostridiales|f__Ruminococcaceae|g__Anaerotruncus	C18n_QI2966	0.4282001594173407	5.196506608697996e-6	105	0.0015597372673967374	0.4282001594173407	positive	Anaerotruncus	C18n QI2966
k__Bacteria|p__Firmicutes|c__Negativicutes|o__Selenomonadales|f__Acidaminococcaceae|g__Acidaminococcus	C18n_QI4874	0.42811264934271764	5.222094893666154e-6	105	0.0015597372673967374	0.42811264934271764	positive	Acidaminococcus	C18n QI4874
k__Bacteria|p__Firmicutes|c__Clostridia|o__Clostridiales|f__Ruminococcaceae|g__Faecalibacterium	HILp_QI376	0.426176653535144	5.819529706303414e-6	105	0.0015597372673967374	0.426176653535144	positive	Faecalibacterium	HILp QI376
k__Bacteria|p__Firmicutes|c__Clostridia|o__Clostridiales|f__Ruminococcaceae|g__Anaerotruncus	C18n_QI3804	-0.42572953077131126	5.966387864944356e-6	105	0.0015597372673967374	0.42572953077131126	negative	Anaerotruncus	C18n QI3804
k__Bacteria|p__Firmicutes|c__Clostridia|o__Clostridiales|f__Ruminococcaceae|g__Anaerotruncus	C18n_QI3682	0.4256316809211501	5.9989894899874515e-6	105	0.0015597372673967374	0.4256316809211501	positive	Anaerotruncus	C18n QI3682
k__Bacteria|p__Firmicutes|c__Erysipelotrichia|o__Erysipelotrichales|f__Erysipelotrichaceae|g__Coprobacillus	C18n_QI7436	0.4196048605693657	8.364346381595276e-6	105	0.0020388094305138485	0.4196048605693657	positive	Coprobacillus	C18n QI7436
k__Bacteria|p__Proteobacteria|c__Gammaproteobacteria|o__Enterobacteriales|f__Enterobacteriaceae|g__Klebsiella	C18n_QI4874	0.4180661232065873	9.095900230667514e-6	105	0.002086706523506077	0.4180661232065873	positive	Klebsiella	C18n QI4874
k__Bacteria|p__Firmicutes|c__Clostridia|o__Clostridiales|f__Ruminococcaceae|g__Anaerotruncus	C18n_QI2320	0.41577115112083635	1.029969836124572e-5	105	0.0022316013116032395	0.41577115112083635	positive	Anaerotruncus	C18n QI2320
k__Bacteria|p__Firmicutes|c__Clostridia|o__Clostridiales|f__Ruminococcaceae|g__Faecalibacterium	HILp_QI2044	0.4116317644619531	1.2858514437476384e-5	105	0.0026393792792714682	0.4116317644619531	positive	Faecalibacterium	HILp QI2044
k__Bacteria|p__Firmicutes|c__Clostridia|o__Clostridiales|f__Ruminococcaceae|g__Ruminococcus	C8p_QI21618	-0.4075722876864313	1.5939217218387704e-5	105	0.003108147357585602	0.4075722876864313	negative	Ruminococcus	C8p QI21618
k__Bacteria|p__Firmicutes|c__Clostridia|o__Clostridiales|f__Ruminococcaceae|g__Anaerotruncus	HILp_QI9931	0.40583455996946494	1.745929550019799e-5	105	0.003242440592893913	0.40583455996946494	positive	Anaerotruncus	HILp QI9931
k__Bacteria|p__Firmicutes|c__Clostridia|o__Clostridiales|f__Ruminococcaceae|g__Ruminococcus	C8p_QI6409	-0.4035431711086311	1.967230720149541e-5	105	0.0034873635493560045	0.4035431711086311	negative	Ruminococcus	C8p QI6409
k__Bacteria|p__Firmicutes|c__Clostridia|o__Clostridiales|f__Ruminococcaceae|g__Anaerotruncus	HILn_QI31979	0.4016217600584389	2.17281632136665e-5	105	0.003684340718839102	0.4016217600584389	positive	Anaerotruncus	HILn QI31979
k__Bacteria|p__Firmicutes|c__Clostridia|o__Clostridiales|f__Ruminococcaceae|g__Ruminococcus	C18n_QI4874	-0.400150336660423	2.3436978725649625e-5	105	0.003808509042918064	0.400150336660423	negative	Ruminococcus	C18n QI4874
k__Bacteria|p__Actinobacteria|c__Actinobacteria|o__Actinomycetales|f__Propionibacteriaceae|g__Propionibacterium	C18n_QI4874	0.3981596937108492	2.594989948023339e-5	105	0.004048184318916409	0.3981596937108492	positive	Propionibacterium	C18n QI4874
k__Bacteria|p__Firmicutes|c__Clostridia|o__Clostridiales|f__Ruminococcaceae|g__Faecalibacterium	C18n_QI2228	-0.39642256644213386	2.834692505856444e-5	105	0.004059931484473209	0.39642256644213386	negative	Faecalibacterium	C18n QI2228
k__Bacteria|p__Firmicutes|c__Clostridia|o__Clostridiales|f__Ruminococcaceae|g__Anaerotruncus	C18n_QI846	-0.39599408044002377	2.896927414547048e-5	105	0.004059931484473209	0.39599408044002377	negative	Anaerotruncus	C18n QI846
k__Bacteria|p__Bacteroidetes|c__Bacteroidia|o__Bacteroidales|f__Porphyromonadaceae|g__Odoribacter	C18n_QI413	0.3958724680790783	2.9148226042371757e-5	105	0.004059931484473209	0.3958724680790783	positive	Odoribacter	C18n QI413
k__Bacteria|p__Firmicutes|c__Clostridia|o__Clostridiales|f__Lachnospiraceae|g__Dorea	HILn_QI27528	-0.3947432987804568	3.0859940934767036e-5	105	0.0041501299877790155	0.3947432987804568	negative	Dorea	HILn QI27528
k__Bacteria|p__Firmicutes|c__Clostridia|o__Clostridiales|f__Ruminococcaceae|g__Faecalibacterium	HILp_QI3766	0.39277420692515025	3.407201468923922e-5	105	0.004370974324291341	0.39277420692515025	positive	Faecalibacterium	HILp QI3766
k__Bacteria|p__Firmicutes|c__Erysipelotrichia|o__Erysipelotrichales|f__Erysipelotrichaceae|g__Coprobacillus	C8p_QI7970	0.3919596703574891	3.549006623245367e-5	105	0.004370974324291341	0.3919596703574891	positive	Coprobacillus	C8p QI7970
k__Bacteria|p__Firmicutes|c__Clostridia|o__Clostridiales|f__Lachnospiraceae|g__Dorea	C8p_QI8001	0.3917497304929701	3.586440471213408e-5	105	0.004370974324291341	0.3917497304929701	positive	Dorea	C8p QI8001
k__Bacteria|p__Firmicutes|c__Clostridia|o__Clostridiales|f__Lachnospiraceae|g__Dorea	C18n_QI11343	0.39023429400787885	3.8678125101884694e-5	105	0.004571051148404555	0.39023429400787885	positive	Dorea	C18n QI11343
k__Bacteria|p__Firmicutes|c__Erysipelotrichia|o__Erysipelotrichales|f__Erysipelotrichaceae|g__Coprobacillus	C8p_QI21618	0.38900478297914454	4.1111261643957856e-5	105	0.004715703541512813	0.38900478297914454	positive	Coprobacillus	C8p QI21618
k__Bacteria|p__Firmicutes|c__Clostridia|o__Clostridiales|f__Lachnospiraceae|g__Dorea	HILp_QI15737	0.3877779126699956	4.368121762903162e-5	105	0.0048425829921614275	0.3877779126699956	positive	Dorea	HILp QI15737
k__Bacteria|p__Firmicutes|c__Clostridia|o__Clostridiales|f__Lachnospiraceae|g__Dorea	HILp_QI2095	0.38720713249015126	4.492733327514506e-5	105	0.0048425829921614275	0.38720713249015126	positive	Dorea	HILp QI2095
k__Bacteria|p__Firmicutes|c__Erysipelotrichia|o__Erysipelotrichales|f__Erysipelotrichaceae|g__Coprobacillus	C18n_QI382	0.3867529896018659	4.594245402819816e-5	105	0.0048425829921614275	0.3867529896018659	positive	Coprobacillus	C18n QI382
k__Bacteria|p__Bacteroidetes|c__Bacteroidia|o__Bacteroidales|f__Porphyromonadaceae|g__Odoribacter	C18n_QI3682	0.3857208759692737	4.832971266952263e-5	105	0.004960154721345744	0.3857208759692737	positive	Odoribacter	C18n QI3682
k__Bacteria|p__Firmicutes|c__Clostridia|o__Clostridiales|f__Ruminococcaceae|g__Anaerotruncus	HILp_QI4213	-0.3837900040637928	5.310985865591027e-5	105	0.005210677247982427	0.3837900040637928	negative	Anaerotruncus	HILp QI4213
k__Bacteria|p__Firmicutes|c__Clostridia|o__Clostridiales|f__Lachnospiraceae|g__Dorea	C18n_QI11341	0.38366162139747045	5.344284356905053e-5	105	0.005210677247982427	0.38366162139747045	positive	Dorea	C18n QI11341
k__Bacteria|p__Firmicutes|c__Bacilli|o__Lactobacillales|f__Lactobacillaceae|g__Lactobacillus	C18n_QI4874	0.3810888936250509	6.054077221920641e-5	105	0.005758756381826951	0.3810888936250509	positive	Lactobacillus	C18n QI4874
k__Bacteria|p__Firmicutes|c__Clostridia|o__Clostridiales|f__Ruminococcaceae|g__Faecalibacterium	C18n_QI736	0.3803649181007671	6.269128045501796e-5	105	0.005821333185108811	0.3803649181007671	positive	Faecalibacterium	C18n QI736
k__Bacteria|p__Firmicutes|c__Clostridia|o__Clostridiales|f__Ruminococcaceae|g__Ruminococcus	C18n_QI1728	0.37669673450977426	7.47256629121581e-5	105	0.0064808749346581115	0.37669673450977426	positive	Ruminococcus	C18n QI1728
k__Bacteria|p__Firmicutes|c__Clostridia|o__Clostridiales|f__Ruminococcaceae|g__Faecalibacterium	C18n_QI1028	0.37663342313564324	7.495111228539369e-5	105	0.0064808749346581115	0.37663342313564324	positive	Faecalibacterium	C18n QI1028
k__Bacteria|p__Firmicutes|c__Clostridia|o__Clostridiales|f__Ruminococcaceae|g__Faecalibacterium	HILp_QI3606	0.3760245735297483	7.715178876981675e-5	105	0.0064808749346581115	0.3760245735297483	positive	Faecalibacterium	HILp QI3606
k__Bacteria|p__Firmicutes|c__Clostridia|o__Clostridiales|f__Ruminococcaceae|g__Faecalibacterium	C18n_QI2086	0.37511500911127726	8.055175743059721e-5	105	0.0064808749346581115	0.37511500911127726	positive	Faecalibacterium	C18n QI2086
k__Bacteria|p__Firmicutes|c__Clostridia|o__Clostridiales|f__Ruminococcaceae|g__Anaerotruncus	C18n_QI1309	-0.37466404381227797	8.22887402169756e-5	105	0.0064808749346581115	0.37466404381227797	negative	Anaerotruncus	C18n QI1309
k__Bacteria|p__Firmicutes|c__Clostridia|o__Clostridiales|f__Lachnospiraceae|g__Dorea	C18n_QI8008	0.3742920406139987	8.374777004705964e-5	105	0.0064808749346581115	0.3742920406139987	positive	Dorea	C18n QI8008
k__Bacteria|p__Firmicutes|c__Clostridia|o__Clostridiales|f__Ruminococcaceae|g__Anaerotruncus	C18n_QI413	0.3741804675478101	8.419004286043751e-5	105	0.0064808749346581115	0.3741804675478101	positive	Anaerotruncus	C18n QI413
k__Bacteria|p__Proteobacteria|c__Gammaproteobacteria|o__Enterobacteriales|f__Enterobacteriaceae|g__Escherichia	C8p_QI21618	0.3741715250286305	8.422558474791421e-5	105	0.0064808749346581115	0.3741715250286305	positive	Escherichia	C8p QI21618
k__Bacteria|p__Bacteroidetes|c__Bacteroidia|o__Bacteroidales|f__Rikenellaceae|g__Alistipes	C18n_QI1872	0.37404001051579655	8.4749902991683e-5	105	0.0064808749346581115	0.37404001051579655	positive	Alistipes	C18n QI1872
k__Bacteria|p__Bacteroidetes|c__Bacteroidia|o__Bacteroidales|f__Porphyromonadaceae|g__Odoribacter	C18n_QI2095	0.37247241558495675	9.123801192456649e-5	105	0.006800261291078378	0.37247241558495675	positive	Odoribacter	C18n QI2095
k__Bacteria|p__Firmicutes|c__Clostridia|o__Clostridiales|f__Ruminococcaceae|g__Anaerotruncus	HILn_QI26736	0.3721994887475431	9.241380728901385e-5	105	0.006800261291078378	0.3721994887475431	positive	Anaerotruncus	HILn QI26736
k__Bacteria|p__Firmicutes|c__Clostridia|o__Clostridiales|f__Ruminococcaceae|g__Anaerotruncus	C18n_QI8231	-0.37098704237771596	9.780959997963248e-5	105	0.006983917114039522	0.37098704237771596	negative	Anaerotruncus	C18n QI8231
k__Bacteria|p__Firmicutes|c__Clostridia|o__Clostridiales|f__Ruminococcaceae|g__Anaerotruncus	C18n_QI2228	0.37083834989417125	9.849113878773685e-5	105	0.006983917114039522	0.37083834989417125	positive	Anaerotruncus	C18n QI2228
k__Bacteria|p__Firmicutes|c__Clostridia|o__Clostridiales|f__Lachnospiraceae|g__Dorea	C18n_QI8231	0.36908880027635643	1.0684904280839574e-4	105	0.007378942335788237	0.36908880027635643	positive	Dorea	C18n QI8231
k__Bacteria|p__Firmicutes|c__Clostridia|o__Clostridiales|f__Ruminococcaceae|g__Faecalibacterium	HILp_QI3060	0.3688886585113	1.0784608029228962e-4	105	0.007378942335788237	0.3688886585113	positive	Faecalibacterium	HILp QI3060
k__Bacteria|p__Firmicutes|c__Clostridia|o__Clostridiales|f__Ruminococcaceae|g__Anaerotruncus	C18n_QI8934	-0.3681596939697706	1.1155111303294253e-4	105	0.007500850703939239	0.3681596939697706	negative	Anaerotruncus	C18n QI8934
k__Bacteria|p__Proteobacteria|c__Gammaproteobacteria|o__Enterobacteriales|f__Enterobacteriaceae|g__Escherichia	C8p_QI7970	0.36764686974941313	1.1422810444110116e-4	105	0.007550671310513467	0.36764686974941313	positive	Escherichia	C8p QI7970
k__Bacteria|p__Firmicutes|c__Clostridia|o__Clostridiales|f__Ruminococcaceae|g__Anaerotruncus	C18n_QI7436	-0.3661740132245422	1.2225216488959188e-4	105	0.007946390717823472	0.3661740132245422	negative	Anaerotruncus	C18n QI7436
k__Bacteria|p__Firmicutes|c__Clostridia|o__Clostridiales|f__Lachnospiraceae|g__Dorea	HILn_QI26736	-0.36373521983863005	1.3669884407144147e-4	105	0.008716485027168168	0.36373521983863005	negative	Dorea	HILn QI26736
k__Bacteria|p__Firmicutes|c__Erysipelotrichia|o__Erysipelotrichales|f__Erysipelotrichaceae|g__Coprobacillus	C18n_QI8815	0.3631618369332043	1.4031801334270008e-4	105	0.008716485027168168	0.3631618369332043	positive	Coprobacillus	C18n QI8815
k__Bacteria|p__Firmicutes|c__Erysipelotrichia|o__Erysipelotrichales|f__Erysipelotrichaceae|g__Coprobacillus	HILn_QI25565	-0.36276450494223994	1.4287789677037266e-4	105	0.008716485027168168	0.36276450494223994	negative	Coprobacillus	HILn QI25565
k__Bacteria|p__Firmicutes|c__Clostridia|o__Clostridiales|f__Ruminococcaceae|g__Faecalibacterium	C18n_QI1056	0.3627396048370437	1.4303975429199046e-4	105	0.008716485027168168	0.3627396048370437	positive	Faecalibacterium	C18n QI1056
k__Bacteria|p__Firmicutes|c__Clostridia|o__Clostridiales|f__Ruminococcaceae|g__Faecalibacterium	HILp_QI9275	0.3618583603510046	1.4887885106865307e-4	105	0.008932731064119185	0.3618583603510046	positive	Faecalibacterium	HILp QI9275
k__Bacteria|p__Bacteroidetes|c__Bacteroidia|o__Bacteroidales|f__Porphyromonadaceae|g__Odoribacter	C18n_QI762	0.3612232133799224	1.532235851317943e-4	105	0.008966146793317	0.3612232133799224	positive	Odoribacter	C18n QI762
k__Bacteria|p__Firmicutes|c__Clostridia|o__Clostridiales|f__Ruminococcaceae|g__Anaerotruncus	C18n_QI2042	-0.3610628296084958	1.5433913670212396e-4	105	0.008966146793317	0.3610628296084958	negative	Anaerotruncus	C18n QI2042
k__Bacteria|p__Firmicutes|c__Negativicutes|o__Selenomonadales|f__Veillonellaceae|g__Veillonella	C18n_QI2095	-0.3607106765990409	1.568150177963153e-4	105	0.008966146793317	0.3607106765990409	negative	Veillonella	C18n QI2095
k__Bacteria|p__Firmicutes|c__Negativicutes|o__Selenomonadales|f__Veillonellaceae|g__Veillonella	C18n_QI1872	-0.36045553022811233	1.586318278817623e-4	105	0.008966146793317	0.36045553022811233	negative	Veillonella	C18n QI1872
k__Bacteria|p__Firmicutes|c__Clostridia|o__Clostridiales|f__Ruminococcaceae|g__Anaerotruncus	C18n_QI2917	0.35999212497998345	1.6198158202766302e-4	105	0.009024688141541226	0.35999212497998345	positive	Anaerotruncus	C18n QI2917
k__Bacteria|p__Verrucomicrobia|c__Verrucomicrobiae|o__Verrucomicrobiales|f__Verrucomicrobiaceae|g__Akkermansia	C18n_QI11958	-0.3594982266659848	1.6562386468351375e-4	105	0.009097648905150756	0.3594982266659848	negative	Akkermansia	C18n QI11958
k__Bacteria|p__Bacteroidetes|c__Bacteroidia|o__Bacteroidales|f__Porphyromonadaceae|g__Barnesiella	C8p_QI6409	-0.35554422872797364	1.9763910539956174e-4	105	0.010609178560122097	0.35554422872797364	negative	Barnesiella	C8p QI6409
k__Bacteria|p__Firmicutes|c__Clostridia|o__Clostridiales|f__Ruminococcaceae|g__Faecalibacterium	HILn_QI26736	-0.35543701874399364	1.9858206022792642e-4	105	0.010609178560122097	0.35543701874399364	negative	Faecalibacterium	HILn QI26736
k__Bacteria|p__Firmicutes|c__Clostridia|o__Clostridiales|f__Lachnospiraceae|g__Dorea	C18n_QI11350	0.3544681733360978	2.0729429627164433e-4	105	0.010769974412525942	0.3544681733360978	positive	Dorea	C18n QI11350
k__Bacteria|p__Firmicutes|c__Clostridia|o__Clostridiales|f__Ruminococcaceae|g__Anaerotruncus	HILp_QI15738	-0.35436795718958775	2.0821538177973872e-4	105	0.010769974412525942	0.35436795718958775	negative	Anaerotruncus	HILp QI15738
k__Bacteria|p__Firmicutes|c__Clostridia|o__Clostridiales|f__Ruminococcaceae|g__Anaerotruncus	C18n_QI1784	-0.35418826456562297	2.0987642444922347e-4	105	0.010769974412525942	0.35418826456562297	negative	Anaerotruncus	C18n QI1784
k__Bacteria|p__Firmicutes|c__Clostridia|o__Clostridiales|f__Ruminococcaceae|g__Anaerotruncus	HILp_QI12296	-0.3536138130164609	2.1526914927654292e-4	105	0.010825139308255363	0.3536138130164609	negative	Anaerotruncus	HILp QI12296
k__Bacteria|p__Proteobacteria|c__Gammaproteobacteria|o__Enterobacteriales|f__Enterobacteriaceae|g__Escherichia	C18n_QI4874	0.35348427459775783	2.1650278616510725e-4	105	0.010825139308255363	0.35348427459775783	positive	Escherichia	C18n QI4874
k__Bacteria|p__Bacteroidetes|c__Bacteroidia|o__Bacteroidales|f__Porphyromonadaceae|g__Odoribacter	C18n_QI11343	-0.35163798465685253	2.348115393764381e-4	105	0.011359237039648943	0.35163798465685253	negative	Odoribacter	C18n QI11343
k__Bacteria|p__Firmicutes|c__Clostridia|o__Clostridiales|f__Ruminococcaceae|g__Faecalibacterium	C18n_QI903	0.35157273629366664	2.3548402814925354e-4	105	0.011359237039648943	0.35157273629366664	positive	Faecalibacterium	C18n QI903
k__Bacteria|p__Firmicutes|c__Clostridia|o__Clostridiales|f__Ruminococcaceae|g__Anaerotruncus	C18n_QI2095	0.3515302750188835	2.3592261543886267e-4	105	0.011359237039648943	0.3515302750188835	positive	Anaerotruncus	C18n QI2095
k__Bacteria|p__Firmicutes|c__Clostridia|o__Clostridiales|f__Lachnospiraceae|g__Dorea	C18n_QI2402	0.3505251816600214	2.465274418989389e-4	105	0.011725085651290997	0.3505251816600214	positive	Dorea	C18n QI2402
k__Bacteria|p__Firmicutes|c__Clostridia|o__Clostridiales|f__Ruminococcaceae|g__Anaerotruncus	HILp_QI2095	-0.34979266017001864	2.5453200998549195e-4	105	0.011959937818595405	0.34979266017001864	negative	Anaerotruncus	HILp QI2095
k__Bacteria|p__Firmicutes|c__Clostridia|o__Clostridiales|f__Lachnospiraceae|g__Dorea	HILp_QI15738	0.34950528400279957	2.5773735526264153e-4	105	0.011966377208622644	0.34950528400279957	positive	Dorea	HILp QI15738
k__Bacteria|p__Firmicutes|c__Clostridia|o__Clostridiales|f__Lachnospiraceae|g__Dorea	HILp_QI1233	0.3491706406800746	2.615168889087851e-4	105	0.011999010196991317	0.3491706406800746	positive	Dorea	HILp QI1233
k__Bacteria|p__Bacteroidetes|c__Bacteroidia|o__Bacteroidales|f__Porphyromonadaceae|g__Odoribacter	C18n_QI7436	-0.3480421706388789	2.7464274625845837e-4	105	0.012375136072623655	0.3480421706388789	negative	Odoribacter	C18n QI7436
k__Bacteria|p__Firmicutes|c__Clostridia|o__Clostridiales|f__Lachnospiraceae|g__Dorea	C18n_QI2086	0.34768906201926336	2.788732560007759e-4	105	0.012375136072623655	0.34768906201926336	positive	Dorea	C18n QI2086
k__Bacteria|p__Bacteroidetes|c__Bacteroidia|o__Bacteroidales|f__Porphyromonadaceae|g__Odoribacter	HILn_QI25565	0.34747703232002486	2.814423598422973e-4	105	0.012375136072623655	0.34747703232002486	positive	Odoribacter	HILn QI25565
k__Bacteria|p__Firmicutes|c__Erysipelotrichia|o__Erysipelotrichales|f__Erysipelotrichaceae|g__Coprobacillus	C8p_QI10300	0.34739788513373415	2.824069514008988e-4	105	0.012375136072623655	0.34739788513373415	positive	Coprobacillus	C8p QI10300
k__Bacteria|p__Firmicutes|c__Clostridia|o__Clostridiales|f__Ruminococcaceae|g__Anaerotruncus	HILn_QI27528	0.3466157674394364	2.921043167208035e-4	105	0.012416841774426389	0.3466157674394364	positive	Anaerotruncus	HILn QI27528
k__Bacteria|p__Bacteroidetes|c__Bacteroidia|o__Bacteroidales|f__Porphyromonadaceae|g__Odoribacter	C18n_QI8008	-0.346415550662329	2.9463570674089087e-4	105	0.012416841774426389	0.346415550662329	negative	Odoribacter	C18n QI8008
k__Bacteria|p__Firmicutes|c__Clostridia|o__Clostridiales|f__Lachnospiraceae|g__Dorea	C18n_QI762	-0.34637986077552024	2.9508906318418364e-4	105	0.012416841774426389	0.34637986077552024	negative	Dorea	C18n QI762
k__Bacteria|p__Firmicutes|c__Clostridia|o__Clostridiales|f__Lachnospiraceae|g__Dorea	C18n_QI3682	-0.3460346704955978	2.9950724149161855e-4	105	0.012416841774426389	0.3460346704955978	negative	Dorea	C18n QI3682
k__Bacteria|p__Firmicutes|c__Clostridia|o__Clostridiales|f__Ruminococcaceae|g__Anaerotruncus	C18n_QI762	0.3460127107111004	2.997903650541734e-4	105	0.012416841774426389	0.3460127107111004	positive	Anaerotruncus	C18n QI762
k__Bacteria|p__Firmicutes|c__Clostridia|o__Clostridiales|f__Ruminococcaceae|g__Faecalibacterium	C18n_QI3804	0.34580646508059876	3.0246153040269406e-4	105	0.012416841774426389	0.34580646508059876	positive	Faecalibacterium	C18n QI3804
k__Bacteria|p__Firmicutes|c__Clostridia|o__Clostridiales|f__Lachnospiraceae|g__Dorea	HILp_QI12296	0.34524762919364654	3.0980998067874126e-4	105	0.012586030465073863	0.34524762919364654	positive	Dorea	HILp QI12296
k__Bacteria|p__Firmicutes|c__Erysipelotrichia|o__Erysipelotrichales|f__Erysipelotrichaceae|g__Coprobacillus	C18n_QI873	0.3446402653949823	3.1798307863934594e-4	105	0.01271098482904428	0.3446402653949823	positive	Coprobacillus	C18n QI873
k__Bacteria|p__Proteobacteria|c__Deltaproteobacteria|o__Desulfovibrionales|f__Desulfovibrionaceae|g__Bilophila	C18n_QI7436	-0.3445361278505756	3.1940423416572806e-4	105	0.01271098482904428	0.3445361278505756	negative	Bilophila	C18n QI7436
k__Bacteria|p__Firmicutes|c__Clostridia|o__Clostridiales|f__Ruminococcaceae|g__Ruminococcus	C18n_QI1872	0.3433149581894436	3.365122488253293e-4	105	0.013256543135543274	0.3433149581894436	positive	Ruminococcus	C18n QI1872
k__Bacteria|p__Firmicutes|c__Clostridia|o__Clostridiales|f__Ruminococcaceae|g__Anaerotruncus	C18n_QI11349	-0.3406178726933443	3.773311945127349e-4	105	0.014616497998819757	0.3406178726933443	negative	Anaerotruncus	C18n QI11349
k__Bacteria|p__Actinobacteria|c__Actinobacteria|o__Actinomycetales|f__Propionibacteriaceae|g__Propionibacterium	C8p_QI2513	0.3405428116510566	3.785298199694347e-4	105	0.014616497998819757	0.3405428116510566	positive	Propionibacterium	C8p QI2513
k__Bacteria|p__Firmicutes|c__Clostridia|o__Clostridiales|f__Lachnospiraceae|g__Dorea	HILp_QI3032	0.34023792873569103	3.834345310855323e-4	105	0.014660732070917412	0.34023792873569103	positive	Dorea	HILp QI3032
k__Bacteria|p__Firmicutes|c__Clostridia|o__Clostridiales|f__Ruminococcaceae|g__Faecalibacterium	C18n_QI11958	0.3397528324465831	3.913591300823794e-4	105	0.01481845249826485	0.3397528324465831	positive	Faecalibacterium	C18n QI11958
k__Bacteria|p__Firmicutes|c__Erysipelotrichia|o__Erysipelotrichales|f__Erysipelotrichaceae|g__Coprobacillus	C18n_QI13348	-0.33867684418605	4.0947764094972206e-4	105	0.015292259825838966	0.33867684418605	negative	Coprobacillus	C18n QI13348
k__Bacteria|p__Firmicutes|c__Clostridia|o__Clostridiales|f__Ruminococcaceae|g__Faecalibacterium	C18n_QI2320	-0.3385470478617719	4.1171468761874133e-4	105	0.015292259825838966	0.3385470478617719	negative	Faecalibacterium	C18n QI2320
k__Bacteria|p__Firmicutes|c__Clostridia|o__Clostridiales|f__Ruminococcaceae|g__Faecalibacterium	HILp_QI2095	0.33830603358905237	4.1589843800152556e-4	105	0.01530192366232028	0.33830603358905237	positive	Faecalibacterium	HILp QI2095
k__Bacteria|p__Firmicutes|c__Clostridia|o__Clostridiales|f__Ruminococcaceae|g__Faecalibacterium	C18n_QI413	-0.3380498109331237	4.203890632766787e-4	105	0.0153225920259724	0.3380498109331237	negative	Faecalibacterium	C18n QI413
k__Bacteria|p__Firmicutes|c__Clostridia|o__Clostridiales|f__Lachnospiraceae|g__Dorea	C18n_QI745	0.3377339110903521	4.259870039228741e-4	105	0.015382864030548232	0.3377339110903521	positive	Dorea	C18n QI745
k__Bacteria|p__Bacteroidetes|c__Bacteroidia|o__Bacteroidales|f__Porphyromonadaceae|g__Odoribacter	C18n_QI3278	0.3367581897215456	4.43713284430085e-4	105	0.015846680545241482	0.3367581897215456	positive	Odoribacter	C18n QI3278
k__Bacteria|p__Bacteroidetes|c__Bacteroidia|o__Bacteroidales|f__Rikenellaceae|g__Alistipes	C18n_QI2966	0.33658349875005583	4.46957656404247e-4	105	0.015846680545241482	0.33658349875005583	positive	Alistipes	C18n QI2966
k__Bacteria|p__Proteobacteria|c__Gammaproteobacteria|o__Pasteurellales|f__Pasteurellaceae|g__Haemophilus	C18n_QI1872	-0.33621326463364265	4.53905897250605e-4	105	0.01594804503853477	0.33621326463364265	negative	Haemophilus	C18n QI1872
k__Bacteria|p__Firmicutes|c__Clostridia|o__Clostridiales|f__Lachnospiraceae|g__Dorea	C18n_QI10930	0.3359838274932614	4.5826147901175535e-4	105	0.015957319358445052	0.3359838274932614	positive	Dorea	C18n QI10930
k__Bacteria|p__Firmicutes|c__Clostridia|o__Clostridiales|f__Ruminococcaceae|g__Anaerotruncus	C18n_QI2985	-0.33486924620656977	4.799723505010945e-4	105	0.01640711541975647	0.33486924620656977	negative	Anaerotruncus	C18n QI2985
k__Bacteria|p__Firmicutes|c__Clostridia|o__Clostridiales|f__Lachnospiraceae|g__Dorea	HILn_QI1594	0.33480199046236775	4.813121847157254e-4	105	0.01640711541975647	0.33480199046236775	positive	Dorea	HILn QI1594
k__Bacteria|p__Proteobacteria|c__Gammaproteobacteria|o__Enterobacteriales|f__Enterobacteriaceae|g__Escherichia	C8p_QI10300	0.33467758656437896	4.837995572492292e-4	105	0.01640711541975647	0.33467758656437896	positive	Escherichia	C8p QI10300
k__Bacteria|p__Firmicutes|c__Clostridia|o__Clostridiales|f__Lachnospiraceae|g__Dorea	C18n_QI873	0.33377565830396017	5.021892765474351e-4	105	0.016753982668619733	0.33377565830396017	positive	Dorea	C18n QI873
k__Bacteria|p__Firmicutes|c__Clostridia|o__Clostridiales|f__Ruminococcaceae|g__Faecalibacterium	HILp_QI3816	0.33375492432096204	5.02619480058592e-4	105	0.016753982668619733	0.33375492432096204	positive	Faecalibacterium	HILp QI3816
k__Bacteria|p__Firmicutes|c__Clostridia|o__Clostridiales|f__Ruminococcaceae|g__Faecalibacterium	C18n_QI2448	0.3309687769805904	5.636064584278037e-4	105	0.018627671083630802	0.3309687769805904	positive	Faecalibacterium	C18n QI2448
k__Bacteria|p__Firmicutes|c__Clostridia|o__Clostridiales|f__Lachnospiraceae|g__Dorea	HILp_QI3766	0.3301679452622848	5.823522401209891e-4	105	0.01904795446961762	0.3301679452622848	positive	Dorea	HILp QI3766
k__Bacteria|p__Firmicutes|c__Clostridia|o__Clostridiales|f__Ruminococcaceae|g__Subdoligranulum	C18n_QI2095	0.3298699397713693	5.89472708424987e-4	105	0.01904795446961762	0.3298699397713693	positive	Subdoligranulum	C18n QI2095
k__Bacteria|p__Bacteroidetes|c__Bacteroidia|o__Bacteroidales|f__Rikenellaceae|g__Alistipes	C18n_QI2095	0.32980748805993965	5.909749976471108e-4	105	0.01904795446961762	0.32980748805993965	positive	Alistipes	C18n QI2095
k__Bacteria|p__Bacteroidetes|c__Bacteroidia|o__Bacteroidales|f__Bacteroidaceae|g__Bacteroides	C18n_QI7560	0.3294544557633941	5.995334960578457e-4	105	0.01916541503791474	0.3294544557633941	positive	Bacteroides	C18n QI7560
k__Bacteria|p__Proteobacteria|c__Deltaproteobacteria|o__Desulfovibrionales|f__Desulfovibrionaceae|g__Bilophila	C18n_QI382	-0.32901891467845434	6.102488089680422e-4	105	0.01934935247947451	0.32901891467845434	negative	Bilophila	C18n QI382
k__Bacteria|p__Firmicutes|c__Clostridia|o__Clostridiales|f__Lachnospiraceae|g__Blautia	C18n_QI7436	0.3286448333189759	6.195919411896343e-4	105	0.0194168444399668	0.3286448333189759	positive	Blautia	C18n QI7436
k__Bacteria|p__Firmicutes|c__Clostridia|o__Clostridiales|f__Ruminococcaceae|g__Anaerotruncus	HILp_QI15737	-0.3284071821581533	6.255954929407038e-4	105	0.0194168444399668	0.3284071821581533	negative	Anaerotruncus	HILp QI15737
k__Bacteria|p__Firmicutes|c__Negativicutes|o__Selenomonadales|f__Veillonellaceae|g__Veillonella	C18n_QI2042	0.3283395619337016	6.273134357527736e-4	105	0.0194168444399668	0.3283395619337016	positive	Veillonella	C18n QI2042
k__Bacteria|p__Firmicutes|c__Clostridia|o__Clostridiales|f__Ruminococcaceae|g__Anaerotruncus	C18n_QI334	-0.32806429624901867	6.343514920413894e-4	105	0.01948008518867259	0.32806429624901867	negative	Anaerotruncus	C18n QI334
k__Bacteria|p__Bacteroidetes|c__Bacteroidia|o__Bacteroidales|f__Rikenellaceae|g__Alistipes	C18n_QI413	0.3276460239473188	6.451846009254341e-4	105	0.019546616446889386	0.3276460239473188	positive	Alistipes	C18n QI413
k__Bacteria|p__Firmicutes|c__Clostridia|o__Clostridiales|f__Lachnospiraceae|g__Dorea	C18n_QI11349	0.3274310595065312	6.508178160158206e-4	105	0.019546616446889386	0.3274310595065312	positive	Dorea	C18n QI11349
k__Bacteria|p__Proteobacteria|c__Gammaproteobacteria|o__Pasteurellales|f__Pasteurellaceae|g__Haemophilus	C18n_QI2966	-0.32740309716989846	6.515538815629795e-4	105	0.019546616446889386	0.32740309716989846	negative	Haemophilus	C18n QI2966
k__Bacteria|p__Firmicutes|c__Clostridia|o__Clostridiales|f__Lachnospiraceae|g__Dorea	C18n_QI2320	-0.3268088172968348	6.673788808032328e-4	105	0.0197305489591019	0.3268088172968348	negative	Dorea	C18n QI2320
k__Bacteria|p__Firmicutes|c__Clostridia|o__Clostridiales|f__Clostridiaceae|g__Clostridium	C8p_QI6409	0.32679306132074293	6.678031955388335e-4	105	0.0197305489591019	0.32679306132074293	positive	Clostridium	C8p QI6409
k__Bacteria|p__Proteobacteria|c__Deltaproteobacteria|o__Desulfovibrionales|f__Desulfovibrionaceae|g__Bilophila	C18n_QI11349	-0.32649803027161517	6.757942773202804e-4	105	0.019816523921421757	0.32649803027161517	negative	Bilophila	C18n QI11349
k__Bacteria|p__Firmicutes|c__Clostridia|o__Clostridiales|f__Ruminococcaceae|g__Faecalibacterium	HILn_QI2276	0.3259079564285164	6.920401191372796e-4	105	0.02014146615399545	0.3259079564285164	positive	Faecalibacterium	HILn QI2276
k__Bacteria|p__Bacteroidetes|c__Bacteroidia|o__Bacteroidales|f__Bacteroidaceae|g__Bacteroides	C18n_QI2320	-0.3254947195170195	7.036293885755191e-4	105	0.020327071225514998	0.3254947195170195	negative	Bacteroides	C18n QI2320
k__Bacteria|p__Firmicutes|c__Clostridia|o__Clostridiales|f__Ruminococcaceae|g__Faecalibacterium	C18n_QI1309	0.3247831349356101	7.240030729881215e-4	105	0.02063612962628206	0.3247831349356101	positive	Faecalibacterium	C18n QI1309
k__Bacteria|p__Firmicutes|c__Clostridia|o__Clostridiales|f__Lachnospiraceae|g__Dorea	C18n_QI2985	0.3247518803037032	7.249101945642673e-4	105	0.02063612962628206	0.3247518803037032	positive	Dorea	C18n QI2985
k__Bacteria|p__Actinobacteria|c__Actinobacteria|o__Bifidobacteriales|f__Bifidobacteriaceae|g__Bifidobacterium	C18n_QI2448	0.32404875634990776	7.455943223651167e-4	105	0.021071143892927212	0.32404875634990776	positive	Bifidobacterium	C18n QI2448
k__Bacteria|p__Firmicutes|c__Clostridia|o__Clostridiales|f__Ruminococcaceae|g__Anaerotruncus	C18n_QI7515	-0.3234146885110606	7.647086101700245e-4	105	0.021455853091101408	0.3234146885110606	negative	Anaerotruncus	C18n QI7515
k__Bacteria|p__Firmicutes|c__Clostridia|o__Clostridiales|f__Ruminococcaceae|g__Faecalibacterium	C18n_QI2917	-0.32264061113468434	7.886508256929033e-4	105	0.021600476822823775	0.32264061113468434	negative	Faecalibacterium	C18n QI2917
k__Bacteria|p__Firmicutes|c__Clostridia|o__Clostridiales|f__Ruminococcaceae|g__Anaerotruncus	C18n_QI4641	0.32258609047356834	7.903627212856103e-4	105	0.021600476822823775	0.32258609047356834	positive	Anaerotruncus	C18n QI4641
k__Bacteria|p__Firmicutes|c__Clostridia|o__Clostridiales|f__Ruminococcaceae|g__Faecalibacterium	HILn_QI1594	0.32255857350196965	7.91228017070733e-4	105	0.021600476822823775	0.32255857350196965	positive	Faecalibacterium	HILn QI1594
k__Bacteria|p__Firmicutes|c__Clostridia|o__Clostridiales|f__Lachnospiraceae|g__Dorea	C18n_QI7515	0.32253349194979763	7.920174835035384e-4	105	0.021600476822823775	0.32253349194979763	positive	Dorea	C18n QI7515
k__Bacteria|p__Bacteroidetes|c__Bacteroidia|o__Bacteroidales|f__Porphyromonadaceae|g__Odoribacter	C18n_QI11349	-0.32213352685050795	8.047044950071099e-4	105	0.021794080073109224	0.32213352685050795	negative	Odoribacter	C18n QI11349
k__Bacteria|p__Bacteroidetes|c__Bacteroidia|o__Bacteroidales|f__Porphyromonadaceae|g__Barnesiella	C8p_QI2513	-0.32176676939940274	8.16501177866155e-4	105	0.021894784598935346	0.32176676939940274	negative	Barnesiella	C8p QI2513
k__Bacteria|p__Firmicutes|c__Clostridia|o__Clostridiales|f__Ruminococcaceae|g__Faecalibacterium	C18n_QI7605	0.32166966409307196	8.196509106268104e-4	105	0.021894784598935346	0.32166966409307196	positive	Faecalibacterium	C18n QI7605
k__Bacteria|p__Firmicutes|c__Clostridia|o__Clostridiales|f__Ruminococcaceae|g__Faecalibacterium	HILp_QI9931	-0.3213697781841523	8.294483333357272e-4	105	0.022005772108907046	0.3213697781841523	negative	Faecalibacterium	HILp QI9931
k__Bacteria|p__Firmicutes|c__Clostridia|o__Clostridiales|f__Ruminococcaceae|g__Anaerotruncus	C18n_QI1030	-0.32098698017671673	8.421100364224759e-4	105	0.02218844297771234	0.32098698017671673	negative	Anaerotruncus	C18n QI1030
k__Bacteria|p__Actinobacteria|c__Actinobacteria|o__Actinomycetales|f__Propionibacteriaceae|g__Propionibacterium	C18n_QI13348	-0.320751007524969	8.500029855929889e-4	105	0.02218844297771234	0.320751007524969	negative	Propionibacterium	C18n QI13348
k__Bacteria|p__Firmicutes|c__Clostridia|o__Clostridiales|f__Ruminococcaceae|g__Faecalibacterium	C18n_QI3745	-0.32055419846401684	8.56637606395071e-4	105	0.02218844297771234	0.32055419846401684	negative	Faecalibacterium	C18n QI3745
k__Bacteria|p__Bacteroidetes|c__Bacteroidia|o__Bacteroidales|f__Porphyromonadaceae|g__Odoribacter	C18n_QI3702	0.320481773778546	8.590909973421957e-4	105	0.02218844297771234	0.320481773778546	positive	Odoribacter	C18n QI3702
k__Bacteria|p__Firmicutes|c__Clostridia|o__Clostridiales|f__Ruminococcaceae|g__Anaerotruncus	C18n_QI744	-0.3201953208824836	8.688576467047108e-4	105	0.022217373435751992	0.3201953208824836	negative	Anaerotruncus	C18n QI744
k__Bacteria|p__Bacteroidetes|c__Bacteroidia|o__Bacteroidales|f__Porphyromonadaceae|g__Barnesiella	C8p_QI5114	-0.32011528215780105	8.71604650171809e-4	105	0.022217373435751992	0.32011528215780105	negative	Barnesiella	C8p QI5114
k__Bacteria|p__Bacteroidetes|c__Bacteroidia|o__Bacteroidales|f__Porphyromonadaceae|g__Odoribacter	HILp_QI12296	-0.31994692086703164	8.774088806721995e-4	105	0.02222009503001025	0.31994692086703164	negative	Odoribacter	HILp QI12296
k__Bacteria|p__Firmicutes|c__Clostridia|o__Clostridiales|f__Lachnospiraceae|g__Dorea	HILn_QI31979	-0.3197409837416605	8.845565298000877e-4	105	0.022232397994392215	0.3197409837416605	negative	Dorea	HILn QI31979
k__Bacteria|p__Bacteroidetes|c__Bacteroidia|o__Bacteroidales|f__Porphyromonadaceae|g__Odoribacter	C18n_QI2823	0.31960526946893525	8.892959197756887e-4	105	0.022232397994392215	0.31960526946893525	positive	Odoribacter	C18n QI2823
k__Bacteria|p__Firmicutes|c__Clostridia|o__Clostridiales|f__Lachnospiraceae|g__Blautia	C18n_QI4874	0.31900571663521765	9.10512196343604e-4	105	0.022617818890064048	0.31900571663521765	positive	Blautia	C18n QI4874
k__Bacteria|p__Firmicutes|c__Negativicutes|o__Selenomonadales|f__Veillonellaceae|g__Veillonella	C18n_QI2966	-0.318170652496883	9.408329686054639e-4	105	0.023223092263046263	0.318170652496883	negative	Veillonella	C18n QI2966
k__Bacteria|p__Firmicutes|c__Clostridia|o__Clostridiales|f__Lachnospiraceae|g__Dorea	C18n_QI11958	0.3174391852665746	9.68146365346896e-4	105	0.023520356888075328	0.3174391852665746	positive	Dorea	C18n QI11958
k__Bacteria|p__Firmicutes|c__Clostridia|o__Clostridiales|f__Ruminococcaceae|g__Faecalibacterium	C18n_QI873	0.3171988388969521	9.772777390301634e-4	105	0.023520356888075328	0.3171988388969521	positive	Faecalibacterium	C18n QI873
k__Bacteria|p__Firmicutes|c__Erysipelotrichia|o__Erysipelotrichales|f__Erysipelotrichaceae|g__Coprobacillus	C8p_QI6409	0.3171534570879979	9.790107038273677e-4	105	0.023520356888075328	0.3171534570879979	positive	Coprobacillus	C8p QI6409
k__Bacteria|p__Firmicutes|c__Clostridia|o__Clostridiales|f__Ruminococcaceae|g__Subdoligranulum	C18n_QI8934	-0.31703461038478153	9.835623167567624e-4	105	0.023520356888075328	0.31703461038478153	negative	Subdoligranulum	C18n QI8934
k__Bacteria|p__Firmicutes|c__Clostridia|o__Clostridiales|f__Ruminococcaceae|g__Faecalibacterium	C18n_QI8934	0.3169413069776509	9.871491861448613e-4	105	0.023520356888075328	0.3169413069776509	positive	Faecalibacterium	C18n QI8934
k__Bacteria|p__Firmicutes|c__Clostridia|o__Clostridiales|f__Ruminococcaceae|g__Subdoligranulum	HILn_QI25565	0.3168916980354165	9.890611614472701e-4	105	0.023520356888075328	0.3168916980354165	positive	Subdoligranulum	HILn QI25565
k__Bacteria|p__Firmicutes|c__Erysipelotrichia|o__Erysipelotrichales|f__Erysipelotrichaceae|g__Coprobacillus	C18n_QI2985	0.316502335798289	0.0010041852600063599	105	0.023735287963786687	0.316502335798289	positive	Coprobacillus	C18n QI2985
k__Bacteria|p__Firmicutes|c__Clostridia|o__Clostridiales|f__Ruminococcaceae|g__Anaerotruncus	C8p_QI8001	-0.3162182790996678	0.0010153516992800864	105	0.023854648356580344	0.3162182790996678	negative	Anaerotruncus	C8p QI8001
k__Bacteria|p__Firmicutes|c__Clostridia|o__Clostridiales|f__Ruminococcaceae|g__Faecalibacterium	C18n_QI762	-0.3160270404498398	0.0010229330624145043	105	0.023888855948602197	0.3160270404498398	negative	Faecalibacterium	C18n QI762
k__Bacteria|p__Firmicutes|c__Clostridia|o__Clostridiales|f__Lachnospiraceae|g__Dorea	C18n_QI1750	0.3157578270785818	0.0010336931112005182	105	0.023996447224297744	0.3157578270785818	positive	Dorea	C18n QI1750
k__Bacteria|p__Firmicutes|c__Clostridia|o__Clostridiales|f__Ruminococcaceae|g__Anaerotruncus	C18n_QI663	-0.3155193862741032	0.0010433092983798123	105	0.024076368424149515	0.3155193862741032	negative	Anaerotruncus	C18n QI663
k__Bacteria|p__Firmicutes|c__Clostridia|o__Clostridiales|f__Lachnospiraceae|g__Dorea	HILn_QI25565	-0.31533853652877625	0.001050657180251609	105	0.024103311782242794	0.31533853652877625	negative	Dorea	HILn QI25565
k__Bacteria|p__Proteobacteria|c__Gammaproteobacteria|o__Enterobacteriales|f__Enterobacteriaceae|g__Escherichia	C8p_QI2513	0.314599905289526	0.001081159978660548	105	0.024658034601030044	0.314599905289526	positive	Escherichia	C8p QI2513
k__Bacteria|p__Firmicutes|c__Clostridia|o__Clostridiales|f__Ruminococcaceae|g__Anaerotruncus	C18n_QI1515	-0.31420313465935595	0.0010978763160717517	105	0.024893707166743207	0.31420313465935595	negative	Anaerotruncus	C18n QI1515
k__Bacteria|p__Firmicutes|c__Erysipelotrichia|o__Erysipelotrichales|f__Erysipelotrichaceae|g__Coprobacillus	C18n_QI3804	0.31398272474107386	0.0011072638229800476	105	0.02496143878394327	0.31398272474107386	positive	Coprobacillus	C18n QI3804
k__Bacteria|p__Verrucomicrobia|c__Verrucomicrobiae|o__Verrucomicrobiales|f__Verrucomicrobiaceae|g__Akkermansia	C18n_QI1872	0.3132245476062604	0.0011401166041873788	105	0.025226043540983525	0.3132245476062604	positive	Akkermansia	C18n QI1872
k__Bacteria|p__Firmicutes|c__Clostridia|o__Clostridiales|f__Ruminococcaceae|g__Anaerotruncus	C18n_QI3278	0.31317524451048395	0.0011422834050825623	105	0.025226043540983525	0.31317524451048395	positive	Anaerotruncus	C18n QI3278
k__Bacteria|p__Firmicutes|c__Clostridia|o__Clostridiales|f__Lachnospiraceae|g__Dorea	C18n_QI8815	0.3129128989044796	0.001153876323279721	105	0.025226043540983525	0.3129128989044796	positive	Dorea	C18n QI8815
k__Bacteria|p__Bacteroidetes|c__Bacteroidia|o__Bacteroidales|f__Porphyromonadaceae|g__Barnesiella	C18n_QI8008	-0.3129019430282695	0.0011543627802491484	105	0.025226043540983525	0.3129019430282695	negative	Barnesiella	C18n QI8008
k__Bacteria|p__Firmicutes|c__Bacilli|o__Lactobacillales|f__Streptococcaceae|g__Streptococcus	C18n_QI8934	0.3128204064960463	0.0011579889927612777	105	0.025226043540983525	0.3128204064960463	positive	Streptococcus	C18n QI8934
k__Bacteria|p__Firmicutes|c__Erysipelotrichia|o__Erysipelotrichales|f__Erysipelotrichaceae|g__Coprobacillus	C18n_QI1309	0.3128040452116177	0.0011587178841797215	105	0.025226043540983525	0.3128040452116177	positive	Coprobacillus	C18n QI1309
k__Bacteria|p__Firmicutes|c__Clostridia|o__Clostridiales|f__Ruminococcaceae|g__Faecalibacterium	HILn_QI31979	-0.31267952503568613	0.001164278932660778	105	0.025226043540983525	0.31267952503568613	negative	Faecalibacterium	HILn QI31979
k__Bacteria|p__Firmicutes|c__Clostridia|o__Clostridiales|f__Lachnospiraceae|g__Dorea	C18n_QI1549	0.311766535351441	0.0012058009744397595	105	0.025976686656279255	0.311766535351441	positive	Dorea	C18n QI1549
k__Bacteria|p__Firmicutes|c__Clostridia|o__Clostridiales|f__Ruminococcaceae|g__Faecalibacterium	HILp_QI6434	0.31148433258265423	0.0012189053698539766	105	0.025976686656279255	0.31148433258265423	positive	Faecalibacterium	HILp QI6434
k__Bacteria|p__Firmicutes|c__Clostridia|o__Clostridiales|f__Ruminococcaceae|g__Faecalibacterium	C18n_QI1015	0.31145134232210553	0.0012204457399815833	105	0.025976686656279255	0.31145134232210553	positive	Faecalibacterium	C18n QI1015
k__Bacteria|p__Firmicutes|c__Clostridia|o__Clostridiales|f__Ruminococcaceae|g__Faecalibacterium	C18n_QI2596	-0.3113067472936606	0.0012272180414695441	105	0.025976686656279255	0.3113067472936606	negative	Faecalibacterium	C18n QI2596
k__Bacteria|p__Firmicutes|c__Negativicutes|o__Selenomonadales|f__Veillonellaceae|g__Veillonella	C18n_QI413	-0.3110826508034193	0.0012377814899331488	105	0.025976686656279255	0.3110826508034193	negative	Veillonella	C18n QI413
k__Bacteria|p__Proteobacteria|c__Deltaproteobacteria|o__Desulfovibrionales|f__Desulfovibrionaceae|g__Bilophila	HILp_QI6434	-0.31105927491462665	0.0012388881328379336	105	0.025976686656279255	0.31105927491462665	negative	Bilophila	HILp QI6434
k__Bacteria|p__Firmicutes|c__Clostridia|o__Clostridiales|f__Lachnospiraceae|g__Dorea	C18n_QI2966	-0.3106452212696112	0.0012586397158424834	105	0.026249705303666764	0.3106452212696112	negative	Dorea	C18n QI2966
k__Bacteria|p__Firmicutes|c__Clostridia|o__Clostridiales|f__Ruminococcaceae|g__Faecalibacterium	C18n_QI2985	0.31046304661319335	0.0012674203842399244	105	0.02629223137518992	0.31046304661319335	positive	Faecalibacterium	C18n QI2985
k__Bacteria|p__Bacteroidetes|c__Bacteroidia|o__Bacteroidales|f__Porphyromonadaceae|g__Odoribacter	C18n_QI1872	0.3099411944556464	0.0012928825322763655	105	0.02667852844379802	0.3099411944556464	positive	Odoribacter	C18n QI1872
k__Bacteria|p__Bacteroidetes|c__Bacteroidia|o__Bacteroidales|f__Rikenellaceae|g__Alistipes	C18n_QI762	0.30976450935102134	0.0013016081785771235	105	0.026712718739987405	0.30976450935102134	positive	Alistipes	C18n QI762
k__Bacteria|p__Firmicutes|c__Clostridia|o__Clostridiales|f__Lachnospiraceae|g__Dorea	C18n_QI744	0.3095532455421608	0.0013121117812396063	105	0.026712718739987405	0.3095532455421608	positive	Dorea	C18n QI744
k__Bacteria|p__Verrucomicrobia|c__Verrucomicrobiae|o__Verrucomicrobiales|f__Verrucomicrobiaceae|g__Akkermansia	C8p_QI8001	-0.3094034113047833	0.0013196078801811448	105	0.026712718739987405	0.3094034113047833	negative	Akkermansia	C8p QI8001
k__Bacteria|p__Firmicutes|c__Erysipelotrichia|o__Erysipelotrichales|f__Erysipelotrichaceae|g__Coprobacillus	C18n_QI7515	0.30935701160432433	0.0013219371068762997	105	0.026712718739987405	0.30935701160432433	positive	Coprobacillus	C18n QI7515
k__Bacteria|p__Firmicutes|c__Clostridia|o__Clostridiales|f__Ruminococcaceae|g__Faecalibacterium	HILp_QI4213	0.3089291823635052	0.0013435905630493185	105	0.027010325752022384	0.3089291823635052	positive	Faecalibacterium	HILp QI4213
k__Bacteria|p__Bacteroidetes|c__Bacteroidia|o__Bacteroidales|f__Porphyromonadaceae|g__Barnesiella	HILp_QI15737	-0.30845757739360513	0.001367832792822105	105	0.027023974159506706	0.30845757739360513	negative	Barnesiella	HILp QI15737
k__Bacteria|p__Firmicutes|c__Clostridia|o__Clostridiales|f__Ruminococcaceae|g__Anaerotruncus	C18n_QI382	-0.3082226219335516	0.0013800581146569454	105	0.027023974159506706	0.3082226219335516	negative	Anaerotruncus	C18n QI382
k__Bacteria|p__Bacteroidetes|c__Bacteroidia|o__Bacteroidales|f__Porphyromonadaceae|g__Odoribacter	C18n_QI8934	-0.3081915207978414	0.0013816838044829185	105	0.027023974159506706	0.3081915207978414	negative	Odoribacter	C18n QI8934
k__Bacteria|p__Bacteroidetes|c__Bacteroidia|o__Bacteroidales|f__Porphyromonadaceae|g__Odoribacter	C18n_QI1728	0.3081822754986722	0.001382167401629488	105	0.027023974159506706	0.3081822754986722	positive	Odoribacter	C18n QI1728
k__Bacteria|p__Verrucomicrobia|c__Verrucomicrobiae|o__Verrucomicrobiales|f__Verrucomicrobiaceae|g__Akkermansia	C18n_QI2228	0.30812499351576417	0.0013851671007011632	105	0.027023974159506706	0.30812499351576417	positive	Akkermansia	C18n QI2228
k__Bacteria|p__Firmicutes|c__Clostridia|o__Clostridiales|f__Lachnospiraceae|g__Dorea	C18n_QI3804	0.30811095419988876	0.0013859032028508945	105	0.027023974159506706	0.30811095419988876	positive	Dorea	C18n QI3804
k__Bacteria|p__Firmicutes|c__Clostridia|o__Clostridiales|f__Lachnospiraceae|g__Dorea	C18n_QI736	0.30785817955629274	0.0013992175072735872	105	0.027023974159506706	0.30785817955629274	positive	Dorea	C18n QI736
k__Bacteria|p__Bacteroidetes|c__Bacteroidia|o__Bacteroidales|f__Porphyromonadaceae|g__Odoribacter	C18n_QI4641	0.3078489985072068	0.001399703276979578	105	0.027023974159506706	0.3078489985072068	positive	Odoribacter	C18n QI4641
k__Bacteria|p__Firmicutes|c__Clostridia|o__Clostridiales|f__Ruminococcaceae|g__Anaerotruncus	C18n_QI11341	-0.307433132904831	0.0014218680531656758	105	0.027316676883478504	0.307433132904831	negative	Anaerotruncus	C18n QI11341
k__Bacteria|p__Firmicutes|c__Clostridia|o__Clostridiales|f__Ruminococcaceae|g__Faecalibacterium	C18n_QI11343	0.30717395811735426	0.0014358423023368165	105	0.027449926368203845	0.30717395811735426	positive	Faecalibacterium	C18n QI11343
k__Bacteria|p__Firmicutes|c__Erysipelotrichia|o__Erysipelotrichales|f__Erysipelotrichaceae|g__Coprobacillus	C18n_QI1784	0.30703918722786644	0.0014431581009629866	105	0.027455202896369012	0.30703918722786644	positive	Coprobacillus	C18n QI1784
k__Bacteria|p__Firmicutes|c__Clostridia|o__Clostridiales|f__Ruminococcaceae|g__Anaerotruncus	C18n_QI2402	-0.30668065086240176	0.0014627857275224558	105	0.027693516200667852	0.30668065086240176	negative	Anaerotruncus	C18n QI2402
k__Bacteria|p__Firmicutes|c__Clostridia|o__Clostridiales|f__Ruminococcaceae|g__Subdoligranulum	C18n_QI3682	0.30642681367710817	0.0014768279408402753	105	0.027752981122861453	0.30642681367710817	positive	Subdoligranulum	C18n QI3682
k__Bacteria|p__Firmicutes|c__Clostridia|o__Clostridiales|f__Lachnospiraceae|g__Dorea	C18n_QI8934	0.3063669208361749	0.0014801589932192775	105	0.027752981122861453	0.3063669208361749	positive	Dorea	C18n QI8934
k__Bacteria|p__Firmicutes|c__Erysipelotrichia|o__Erysipelotrichales|f__Erysipelotrichaceae|g__Coprobacillus	C18n_QI1872	-0.30606515934653494	0.00149704601611397	105	0.027800271285453895	0.30606515934653494	negative	Coprobacillus	C18n QI1872
k__Bacteria|p__Bacteroidetes|c__Bacteroidia|o__Bacteroidales|f__Porphyromonadaceae|g__Odoribacter	C18n_QI2917	0.3060410990384236	0.0014983999660184099	105	0.027800271285453895	0.3060410990384236	positive	Odoribacter	C18n QI2917
k__Bacteria|p__Firmicutes|c__Clostridia|o__Clostridiales|f__Ruminococcaceae|g__Faecalibacterium	C18n_QI2966	-0.30571153606666945	0.0015170577414498807	105	0.027800271285453895	0.30571153606666945	negative	Faecalibacterium	C18n QI2966
k__Bacteria|p__Firmicutes|c__Clostridia|o__Clostridiales|f__Lachnospiraceae|g__Dorea	C18n_QI7436	0.3056895886724812	0.001518307721222684	105	0.027800271285453895	0.3056895886724812	positive	Dorea	C18n QI7436
k__Bacteria|p__Firmicutes|c__Clostridia|o__Clostridiales|f__Clostridiaceae|g__Clostridium	C8p_QI2513	0.3056893291297445	0.0015183225086670975	105	0.027800271285453895	0.3056893291297445	positive	Clostridium	C8p QI2513
k__Bacteria|p__Firmicutes|c__Clostridia|o__Clostridiales|f__Lachnospiraceae|g__Dorea	C18n_QI709	0.30502799087704746	0.0015564295805657765	105	0.028239009563445376	0.30502799087704746	positive	Dorea	C18n QI709
k__Bacteria|p__Firmicutes|c__Clostridia|o__Clostridiales|f__Ruminococcaceae|g__Faecalibacterium	HILn_QI25565	-0.30502221963182785	0.001556765911830963	105	0.028239009563445376	0.30502221963182785	negative	Faecalibacterium	HILn QI25565
k__Bacteria|p__Firmicutes|c__Clostridia|o__Clostridiales|f__Lachnospiraceae|g__Dorea	C18n_QI742	0.3048859682006957	0.0015647254257319344	105	0.028251986853493262	0.3048859682006957	positive	Dorea	C18n QI742
k__Bacteria|p__Bacteroidetes|c__Bacteroidia|o__Bacteroidales|f__Porphyromonadaceae|g__Barnesiella	C18n_QI8934	-0.3037129572555692	0.0016347925676260333	105	0.029381064579454056	0.3037129572555692	negative	Barnesiella	C18n QI8934
k__Bacteria|p__Firmicutes|c__Clostridia|o__Clostridiales|f__Lachnospiraceae|g__Dorea	C18n_QI382	0.303500432828216	0.0016477874787217662	105	0.029385558073123257	0.303500432828216	positive	Dorea	C18n QI382
k__Bacteria|p__Firmicutes|c__Clostridia|o__Clostridiales|f__Lachnospiraceae|g__Dorea	C18n_QI1054	0.3034625751606883	0.0016501121071830754	105	0.029385558073123257	0.3034625751606883	positive	Dorea	C18n QI1054
k__Bacteria|p__Actinobacteria|c__Actinobacteria|o__Actinomycetales|f__Propionibacteriaceae|g__Propionibacterium	C8p_QI6409	0.3030922083050156	0.0016730115972718254	105	0.029583824139852524	0.3030922083050156	positive	Propionibacterium	C8p QI6409
k__Bacteria|p__Firmicutes|c__Clostridia|o__Clostridiales|f__Ruminococcaceae|g__Anaerotruncus	C18n_QI873	-0.30303752850922655	0.0016764167012583095	105	0.029583824139852524	0.30303752850922655	negative	Anaerotruncus	C18n QI873
k__Bacteria|p__Bacteroidetes|c__Bacteroidia|o__Bacteroidales|f__Porphyromonadaceae|g__Odoribacter	C18n_QI2228	0.3021728747463114	0.0017311033952524552	105	0.030411275862543132	0.3021728747463114	positive	Odoribacter	C18n QI2228
k__Bacteria|p__Firmicutes|c__Negativicutes|o__Selenomonadales|f__Acidaminococcaceae|g__Acidaminococcus	C8p_QI2513	0.30170889120630107	0.0017611106433086548	105	0.030799692865039256	0.30170889120630107	positive	Acidaminococcus	C8p QI2513
k__Bacteria|p__Firmicutes|c__Clostridia|o__Clostridiales|f__Ruminococcaceae|g__Anaerotruncus	C18n_QI8815	-0.30134848991519914	0.0017847431768142977	105	0.03107365352489179	0.30134848991519914	negative	Anaerotruncus	C18n QI8815
k__Bacteria|p__Proteobacteria|c__Deltaproteobacteria|o__Desulfovibrionales|f__Desulfovibrionaceae|g__Bilophila	C18n_QI8815	-0.3006124316110853	0.0018339030734788116	105	0.031541139194681045	0.3006124316110853	negative	Bilophila	C18n QI8815
k__Bacteria|p__Firmicutes|c__Clostridia|o__Clostridiales|f__Ruminococcaceae|g__Anaerotruncus	C18n_QI903	-0.3006074425426189	0.001834240425696811	105	0.031541139194681045	0.3006074425426189	negative	Anaerotruncus	C18n QI903
k__Bacteria|p__Actinobacteria|c__Actinobacteria|o__Actinomycetales|f__Propionibacteriaceae|g__Propionibacterium	C8p_QI21618	0.300472016120657	0.001843419215212706	105	0.031541139194681045	0.300472016120657	positive	Propionibacterium	C8p QI21618
k__Bacteria|p__Firmicutes|c__Erysipelotrichia|o__Erysipelotrichales|f__Erysipelotrichaceae|g__Coprobacillus	C18n_QI413	-0.3004642987942653	0.0018439435221505843	105	0.031541139194681045	0.3004642987942653	negative	Coprobacillus	C18n QI413
k__Bacteria|p__Bacteroidetes|c__Bacteroidia|o__Bacteroidales|f__Rikenellaceae|g__Alistipes	C18n_QI2596	0.3002513245923936	0.0018584661374486952	105	0.03165073334519612	0.3002513245923936	positive	Alistipes	C18n QI2596
k__Bacteria|p__Proteobacteria|c__Gammaproteobacteria|o__Enterobacteriales|f__Enterobacteriaceae|g__Klebsiella	C18n_QI13348	-0.30013287741405714	0.0018665877244498257	105	0.031650835327627476	0.30013287741405714	negative	Klebsiella	C18n QI13348
